═══════════════════════════════════════════════════════
  COMPREHENSIVE AUDIT v2 — All Manga
═══════════════════════════════════════════════════════

Total manga: 3485

Fetching all chapters...
Batch error: 'chapters' is not an embedded resource in this request
  Total chapters fetched: 0          

═══════════════════════════════════════════════════════
  AUDIT SUMMARY
═══════════════════════════════════════════════════════
{
  "totalManga": 3485,
  "totalChapters": 0,
  "zeroChapters": 1000,
  "incompleteSeq": 0,
  "deadImageChapters": 0,
  "missingSourceUrl": 0,
  "badCovers": 0,
  "nonR2Images": 0
}


── ZERO CHAPTERS (1000) ──
  es-series | “es” series | src: https://04x.manhwaland.land/manga/es-series/
  gazou-ari-koumakan-de-wa-200-yen-de-seiteki-service-o-ukerareru-ppoi-2 | “Gazou Ari” Koumakan de wa 200-yen de Seiteki Service o Ukerareru ppoi 2 | src: https://04x.manhwaland.land/manga/gazou-ari-koumakan-de-wa-200-yen-de-seiteki-service-o-ukerareru-ppoi-2/
  kanojo-no-shinyuu-to-himitsu-no-kankei | “Kanojo no Shinyuu” to Himitsu no Kankei | src: https://04x.manhwaland.land/manga/kanojo-no-shinyuu-to-himitsu-no-kankei/
  %e3%80%87sen-yen-de-oppai-misete | 〇sen Yen de Oppai Misete | src: https://04x.manhwaland.land/manga/%e3%80%87sen-yen-de-oppai-misete/
  100-byougo-ni-sex-suru-ane | 100-byougo ni Sex Suru Ane | src: https://04x.manhwaland.land/manga/100-byougo-ni-sex-suru-ane/
  1000-yen-cut-no-onee-san-ni-suite-morau-hon | 1000 Yen Cut no Onee-san ni Suite Morau Hon | src: https://04x.manhwaland.land/manga/1000-yen-cut-no-onee-san-ni-suite-morau-hon/
  1000-kai-iku-made-deraremasen | 1000-kai Iku made Deraremasen | src: https://04x.manhwaland.land/manga/1000-kai-iku-made-deraremasen/
  12-years-apart | 12 Years Apart | src: https://04x.manhwaland.land/manga/12-years-apart/
  15-minutes | 15 Minutes | src: https://04x.manhwaland.land/manga/15-minutes/
  15-nengo-no-onna | 15-nengo no Onna | src: https://04x.manhwaland.land/manga/15-nengo-no-onna/
  177013-uncensored | 177013 Uncensored | src: https://04x.manhwaland.land/manga/177013-uncensored/
  2-nensei-archive | 2 Nensei Archive | src: https://04x.manhwaland.land/manga/2-nensei-archive/
  200-nen-mo-no-shojo-elf-shota-o-kau | 200-Nen Mo no Shojo Elf Sh0ta o Kau | src: https://04x.manhwaland.land/manga/200-nen-mo-no-shojo-elf-shota-o-kau/
  211cm-no-jirai-kei-joshi-ni-nerawarete-mou-nigerarenai | 211cm no Jirai-kei Joshi ni Nerawarete Mou Nigerarenai | src: https://04x.manhwaland.land/manga/211cm-no-jirai-kei-joshi-ni-nerawarete-mou-nigerarenai/
  29-year-old-office-lady-yuuka-kazami | 29 Year Old Office Lady Yuuka Kazami | src: https://04x.manhwaland.land/manga/29-year-old-office-lady-yuuka-kazami/
  3-piece-nursing | 3 Piece ~Nursing~ | src: https://04x.manhwaland.land/manga/3-piece-nursing/
  30-sai-imouto | 30-Sai Imouto | src: https://04x.manhwaland.land/manga/30-sai-imouto/
  30cm-contractor | 30cm Contractor | src: https://04x.manhwaland.land/manga/30cm-contractor/
  30cm-contractor-s1 | 30cm Contractor S1 | src: https://04x.manhwaland.land/manga/30cm-contractor-s1/
  30cm-contractor-s2 | 30cm Contractor S2 | src: https://04x.manhwaland.land/manga/30cm-contractor-s2/
  3piece-append-0 | 3Piece Append 0 | src: https://04x.manhwaland.land/manga/3piece-append-0/
  69-university | 69 University | src: https://04x.manhwaland.land/manga/69-university/
  7-days | 7 Days | src: https://04x.manhwaland.land/manga/7-days/
  72-ryoujoku-tatekomori-jiken | 72 -Ryoujoku Tatekomori Jiken | src: https://04x.manhwaland.land/manga/72-ryoujoku-tatekomori-jiken/
  a-babys-nest | A Baby’s Nest | src: https://04x.manhwaland.land/manga/a-babys-nest/
  a-bachelor-in-the-country | A Bachelor in the Country | src: https://04x.manhwaland.land/manga/a-bachelor-in-the-country/
  a-career-oriented-woman-wants-to-bury-her-dark-past | A Career-Oriented Woman Wants to Bury Her Dark Past!! | src: https://04x.manhwaland.land/manga/a-career-oriented-woman-wants-to-bury-her-dark-past/
  a-crown-of-thorns-unsensor | A CROWN OF THORNS [ UNSENSOR ] | src: https://04x.manhwaland.land/manga/a-crown-of-thorns-unsensor/
  a-dangerous-deal-and-the-woman-next-door | A Dangerous Deal, and the Woman Next Door | src: https://04x.manhwaland.land/manga/a-dangerous-deal-and-the-woman-next-door/
  a-different-class | A Different Class | src: https://04x.manhwaland.land/manga/a-different-class/
  a-fluffy-thief-cat-one-piece | A Fluffy Thief Cat – One Piece | src: https://04x.manhwaland.land/manga/a-fluffy-thief-cat-one-piece/
  a-game-of-desire | A Game of Desire | src: https://04x.manhwaland.land/manga/a-game-of-desire/
  a-housekeeper | A Housekeeper | src: https://04x.manhwaland.land/manga/a-housekeeper/
  a-housewife-stolen-by-a-coworker-besides-her-blackout-drunk-husband | A Housewife Stolen by a Coworker Besides her Blackout Drunk Husband | src: https://04x.manhwaland.land/manga/a-housewife-stolen-by-a-coworker-besides-her-blackout-drunk-husband/
  a-housewifes-massage-addiction | A Housewife’s Massage Addiction | src: https://04x.manhwaland.land/manga/a-housewifes-massage-addiction/
  a-kindly-cucking | A Kindly Cucking | src: https://04x.manhwaland.land/manga/a-kindly-cucking/
  a-knowing-sister | A Knowing Sister | src: https://04x.manhwaland.land/manga/a-knowing-sister/
  a-longing-for-warmth-on-a-snowy-night | A Longing For Warmth on a Snowy Night | src: https://04x.manhwaland.land/manga/a-longing-for-warmth-on-a-snowy-night/
  a-man-who-became-a-eunuch | A Man Who Became a Eunuch | src: https://04x.manhwaland.land/manga/a-man-who-became-a-eunuch/
  a-married-woman-tricked-into-filming | A Married Woman Tricked Into Filming | src: https://04x.manhwaland.land/manga/a-married-woman-tricked-into-filming/
  a-married-woman-my-first-love-and-my-mother | A Married Woman, My First Love, and My Mother | src: https://04x.manhwaland.land/manga/a-married-woman-my-first-love-and-my-mother/
  a-mean-guy | A Mean Guy | src: https://04x.manhwaland.land/manga/a-mean-guy/
  a-meltingly-long-night-and-moon-for-you | A Meltingly Long Night And Moon For You | src: https://04x.manhwaland.land/manga/a-meltingly-long-night-and-moon-for-you/
  a-midsummer-nightmare | A Midsummer Nightmare | src: https://04x.manhwaland.land/manga/a-midsummer-nightmare/
  a-midsummer-ntr-dream | A Midsummer NTR Dream | src: https://04x.manhwaland.land/manga/a-midsummer-ntr-dream/
  a-new-beginning | A New Beginning | src: https://04x.manhwaland.land/manga/a-new-beginning/
  a-perverts-daily-life | A Pervert's Daily Life | src: https://04x.manhwaland.land/manga/a-perverts-daily-life/
  a-physcal-classroom | A Physcal Classroom | src: https://04x.manhwaland.land/manga/a-physcal-classroom/
  a-scary-experience-the-mystery-of-the-mature-ghost | A Scary Experience! The Mystery Of The Mature Ghost | src: https://04x.manhwaland.land/manga/a-scary-experience-the-mystery-of-the-mature-ghost/
  a-scorching-hot-day-with-a-broken-air-conditioner-if-i-keep-having-sex-with-my-sweaty-childhood-friend | A Scorching Hot Day with A Broken Air Conditioner. If I Keep Having Sex with My Sweaty Childhood Friend… | src: https://04x.manhwaland.land/manga/a-scorching-hot-day-with-a-broken-air-conditioner-if-i-keep-having-sex-with-my-sweaty-childhood-friend/
  a-secret-lesson-with-my-younger-sister | A Secret Lesson With My Younger Sister | src: https://04x.manhwaland.land/manga/a-secret-lesson-with-my-younger-sister/
  a-sexual-workout | A Sexual Workout! | src: https://04x.manhwaland.land/manga/a-sexual-workout/
  a-situation-full-of-erections | A Situation Full of Erections | src: https://04x.manhwaland.land/manga/a-situation-full-of-erections/
  a-special-college-life-after-a-special-law | A Special college life after a special law | src: https://04x.manhwaland.land/manga/a-special-college-life-after-a-special-law/
  a-story-about-fucking-a-big-titted-delinquent | A Story About Fucking a Big-Titted Delinquent | src: https://04x.manhwaland.land/manga/a-story-about-fucking-a-big-titted-delinquent/
  a-sweet-part-time-job | A Sweet Part Time Job | src: https://04x.manhwaland.land/manga/a-sweet-part-time-job/
  a-tale-of-tails | A Tale of Tails | src: https://04x.manhwaland.land/manga/a-tale-of-tails/
  a-transmigrated-wardens-battle-for-redemption | A Transmigrated Warden’s Battle for Redemption | src: https://04x.manhwaland.land/manga/a-transmigrated-wardens-battle-for-redemption/
  a-true-best-friend | A True Best Friend | src: https://04x.manhwaland.land/manga/a-true-best-friend/
  a-very-privative-revenge | A Very Privative Revenge | src: https://04x.manhwaland.land/manga/a-very-privative-revenge/
  a-wise-drivers-life | A Wise Driver’s Life | src: https://04x.manhwaland.land/manga/a-wise-drivers-life/
  a-woman-who-cant-refuse | A Woman Who Can’t Refuse | src: https://04x.manhwaland.land/manga/a-woman-who-cant-refuse/
  a-world-that-i-rule | A World That I Rule | src: https://04x.manhwaland.land/manga/a-world-that-i-rule/
  a-world-where-small-phimosis-cocks-are-hated | A WORLD WHERE SMALL, PHIMOSIS COCKS ARE HATED | src: https://04x.manhwaland.land/manga/a-world-where-small-phimosis-cocks-are-hated/
  a-young-auntie | A Young Auntie | src: https://04x.manhwaland.land/manga/a-young-auntie/
  abandoned-bastard-of-the-royal-family | Abandoned Bastard of the Royal Family | src: https://04x.manhwaland.land/manga/abandoned-bastard-of-the-royal-family/
  abarenbou-bouya-kun | Abarenbou Bouya-kun | src: https://04x.manhwaland.land/manga/abarenbou-bouya-kun/
  absolute-smartwatch | Absolute Smartwatch | src: https://04x.manhwaland.land/manga/absolute-smartwatch/
  absolute-sword-sense | Absolute Sword Sense | src: https://04x.manhwaland.land/manga/absolute-sword-sense/
  abunai-seitokai | Abunai! Seitokai | src: https://04x.manhwaland.land/manga/abunai-seitokai/
  academy-for-huge-breasts | Academy for Huge Breasts | src: https://04x.manhwaland.land/manga/academy-for-huge-breasts/
  achieving-your-dreams | Achieving Your Dreams | src: https://04x.manhwaland.land/manga/achieving-your-dreams/
  achilles-heel | Achilles Heel | src: https://04x.manhwaland.land/manga/achilles-heel/
  adabana-boku-no-onee-chan-after-mtl | Adabana Boku No Onee-chan after (MTL) | src: https://04x.manhwaland.land/manga/adabana-boku-no-onee-chan-after-mtl/
  adamasu-no-majotachi | Adamasu no Majotachi | src: https://04x.manhwaland.land/manga/adamasu-no-majotachi/
  addicted-once | Addicted Once | src: https://04x.manhwaland.land/manga/addicted-once/
  addicted-to-her-motherly-vibes | Addicted to Her Motherly Vibes | src: https://04x.manhwaland.land/manga/addicted-to-her-motherly-vibes/
  adegan-saat-aku-melakukan-seks-dengan-ibu | Adegan Saat Aku Melakukan Seks Dengan Ibu | src: https://04x.manhwaland.land/manga/adegan-saat-aku-melakukan-seks-dengan-ibu/
  administrator-privileges | Administrator Privileges | src: https://04x.manhwaland.land/manga/administrator-privileges/
  adultery-inn | Adultery Inn | src: https://04x.manhwaland.land/manga/adultery-inn/
  adventure-with-bikini-onee-san | Adventure With Bikini Onee-san | src: https://04x.manhwaland.land/manga/adventure-with-bikini-onee-san/
  affair-hidden-in-the-leaves | Affair Hidden in the Leaves | src: https://04x.manhwaland.land/manga/affair-hidden-in-the-leaves/
  affair-trade | Affair Trade | src: https://04x.manhwaland.land/manga/affair-trade/
  affair-travel | Affair Travel | src: https://04x.manhwaland.land/manga/affair-travel/
  after-school | After School | src: https://04x.manhwaland.land/manga/after-school/
  after-work-love-affairs | After Work Love Affairs | src: https://04x.manhwaland.land/manga/after-work-love-affairs/
  ahan-shlurp-beach-fuck | Ahan Shlurp~ Beach fuck | src: https://04x.manhwaland.land/manga/ahan-shlurp-beach-fuck/
  ahh-ryokan-of-desire | Ahh! Ryokan of Desire | src: https://04x.manhwaland.land/manga/ahh-ryokan-of-desire/
  ai-kan-hatsu-jou | Ai Kan Hatsu Jou | src: https://04x.manhwaland.land/manga/ai-kan-hatsu-jou/
  ai-ni-shigoto-o-torareta-mangaka-seieki-mo-torareru | AI ni Shigoto o Torareta Mangaka, Seieki mo Torareru | src: https://04x.manhwaland.land/manga/ai-ni-shigoto-o-torareta-mangaka-seieki-mo-torareru/
  ai-no-katachi | Ai no katachi | src: https://04x.manhwaland.land/manga/ai-no-katachi/
  ai-no-omoi-kanojo-wa-boku-no-tameni-hame-tori-o-tottekitekureru | Ai no omoi Kanojo wa boku no Tameni hame tori o Tottekitekureru | src: https://04x.manhwaland.land/manga/ai-no-omoi-kanojo-wa-boku-no-tameni-hame-tori-o-tottekitekureru/
  aibo-ingo-kyouiku | Aibo Ingo Kyouiku | src: https://04x.manhwaland.land/manga/aibo-ingo-kyouiku/
  aijou-no-idakikata | Aijou no Idakikata | src: https://04x.manhwaland.land/manga/aijou-no-idakikata/
  aiko-no-ma-chan | Aiko no Ma-chan | src: https://04x.manhwaland.land/manga/aiko-no-ma-chan/
  aimitsu-carameliser | Aimitsu Carameliser | src: https://04x.manhwaland.land/manga/aimitsu-carameliser/
  airen-tenmen | Airen Tenmen | src: https://04x.manhwaland.land/manga/airen-tenmen/
  aiseki | Aiseki | src: https://04x.manhwaland.land/manga/aiseki/
  aishiteru-game-wo-owarasetai | Aishiteru Game wo Owarasetai | src: https://04x.manhwaland.land/manga/aishiteru-game-wo-owarasetai/
  aisuru-koto-hi-no-gotoku | Aisuru Koto Hi no Gotoku | src: https://04x.manhwaland.land/manga/aisuru-koto-hi-no-gotoku/
  akane-oba-san-no-natsu | Akane Oba-san no Natsu | src: https://04x.manhwaland.land/manga/akane-oba-san-no-natsu/
  akari-chan-be-my-onahole | Akari-chan, Be My Onahole | src: https://04x.manhwaland.land/manga/akari-chan-be-my-onahole/
  akarui-kazoku-keikaku | Akarui Kazoku Keikaku | src: https://04x.manhwaland.land/manga/akarui-kazoku-keikaku/
  akarui-kazoku-seikatsu | Akarui Kazoku Seikatsu | src: https://04x.manhwaland.land/manga/akarui-kazoku-seikatsu/
  akashiba-san | Akashiba-san | src: https://04x.manhwaland.land/manga/akashiba-san/
  akasuri-yubana-no-chizuru-san-jo-no-shou | Akasuri Yubana no Chizuru-san Jo no Shou | src: https://04x.manhwaland.land/manga/akasuri-yubana-no-chizuru-san-jo-no-shou/
  akazukin-san-zenpen | Akazukin-san Zenpen | src: https://04x.manhwaland.land/manga/akazukin-san-zenpen/
  akemi-encounter | Akemi Encounter | src: https://04x.manhwaland.land/manga/akemi-encounter/
  aki-inaka-kaeri-no-otetsudai | Aki Inaka Kaeri no Otetsudai | src: https://04x.manhwaland.land/manga/aki-inaka-kaeri-no-otetsudai/
  aki-no-ochinchin-kari | Aki no Ochinchin Kari | src: https://04x.manhwaland.land/manga/aki-no-ochinchin-kari/
  aki-nee-to-jk-ponyta | Aki-nee to… JK Ponyta | src: https://04x.manhwaland.land/manga/aki-nee-to-jk-ponyta/
  akogare-kanojo-no-risou-to-genjitsu | Akogare Kanojo no Risou to Genjitsu | src: https://04x.manhwaland.land/manga/akogare-kanojo-no-risou-to-genjitsu/
  akogare-no-nee-chan-ga-gal-ni-natte-kaette-kita-natsuyasumi | Akogare no Nee-chan ga Gal ni Natte Kaette Kita Natsuyasumi | src: https://04x.manhwaland.land/manga/akogare-no-nee-chan-ga-gal-ni-natte-kaette-kita-natsuyasumi/
  akogare-no-oba-o-netoru | Akogare no oba o Netoru | src: https://04x.manhwaland.land/manga/akogare-no-oba-o-netoru/
  akogare-no-senpai | Akogare no Senpai | src: https://04x.manhwaland.land/manga/akogare-no-senpai/
  akogare-no-senpai-maidchou-no-yotogi-o-kengaku | Akogare no Senpai Maidchou no Yotogi o Kengaku | src: https://04x.manhwaland.land/manga/akogare-no-senpai-maidchou-no-yotogi-o-kengaku/
  akogareteita-gokinjo-no-eroi-hitozuma-ga-nikubenki-ni-narita-sou-ni-kochira-o-miteiru | Akogareteita Gokinjo no Eroi Hitozuma ga Nikubenki ni Narita sou ni Kochira o Miteiru | src: https://04x.manhwaland.land/manga/akogareteita-gokinjo-no-eroi-hitozuma-ga-nikubenki-ni-narita-sou-ni-kochira-o-miteiru/
  akuma-de-maid | Akuma de Maid | src: https://04x.manhwaland.land/manga/akuma-de-maid/
  akumabarai | Akumabarai | src: https://04x.manhwaland.land/manga/akumabarai/
  akuyaku-reijou-level-99-watashi-wa-uraboss-desu-ga-maou-de-wa-arimasen | Akuyaku Reijou Level 99: Watashi wa UraBoss desu ga Maou de wa Arimasen | src: https://04x.manhwaland.land/manga/akuyaku-reijou-level-99-watashi-wa-uraboss-desu-ga-maou-de-wa-arimasen/
  akuyaku-reijou-tensei-oji-san | Akuyaku Reijou Tensei Oji-san | src: https://04x.manhwaland.land/manga/akuyaku-reijou-tensei-oji-san/
  akuyaku-reijou-to-akuyaku-reisoku-ga-deatte-koi-ni-ochitanara | Akuyaku Reijou to Akuyaku Reisoku ga, Deatte Koi ni Ochitanara | src: https://04x.manhwaland.land/manga/akuyaku-reijou-to-akuyaku-reisoku-ga-deatte-koi-ni-ochitanara/
  akuyuu-ni-sasowarete-jukujo-soap-ni-itte-mitara | Akuyuu ni Sasowarete Jukujo Soap ni Itte Mitara | src: https://04x.manhwaland.land/manga/akuyuu-ni-sasowarete-jukujo-soap-ni-itte-mitara/
  alices-sensual-radio | Alice's Sensual Radio | src: https://04x.manhwaland.land/manga/alices-sensual-radio/
  alien-vs-joshidaisei | Alien vs Joshidaisei | src: https://04x.manhwaland.land/manga/alien-vs-joshidaisei/
  all-about-that-game-life | All About That Game Life | src: https://04x.manhwaland.land/manga/all-about-that-game-life/
  alluring-bookstore-manager | Alluring Bookstore Manager | src: https://04x.manhwaland.land/manga/alluring-bookstore-manager/
  alola-no-yoru-no-sugata-soushuuhen | Alola no Yoru no Sugata Soushuuhen | src: https://04x.manhwaland.land/manga/alola-no-yoru-no-sugata-soushuuhen/
  alola-shirona-san-no-abunai-mizugi-satsuei | Alola! Shirona-san no Abunai Mizugi Satsuei | src: https://04x.manhwaland.land/manga/alola-shirona-san-no-abunai-mizugi-satsuei/
  alpha-side | Alpha side | src: https://04x.manhwaland.land/manga/alpha-side/
  amaama-pyuppyu | Amaama Pyuppyu | src: https://04x.manhwaland.land/manga/amaama-pyuppyu/
  amachichi-korikori-and-paku | Amachichi Korikori and Paku | src: https://04x.manhwaland.land/manga/amachichi-korikori-and-paku/
  amaenbo | Amaenbo | src: https://04x.manhwaland.land/manga/amaenbo/
  amagi-brilliant-tour | AMAGI BRILLIANT TOUR | src: https://04x.manhwaland.land/manga/amagi-brilliant-tour/
  amai-aji-wa-suki-desu-ka | Amai Aji wa Suki Desu ka | src: https://04x.manhwaland.land/manga/amai-aji-wa-suki-desu-ka/
  amai-san-wa-tsumetakute-amai | Amai-san wa Tsumetakute Amai | src: https://04x.manhwaland.land/manga/amai-san-wa-tsumetakute-amai/
  amanee | Amanee! | src: https://04x.manhwaland.land/manga/amanee/
  amanojaku | Amanojaku | src: https://04x.manhwaland.land/manga/amanojaku/
  amatsukaze-to-tetsuya-de-h-shinagara-houkokusho | Amatsukaze to Tetsuya de H shinagara Houkokusho | src: https://04x.manhwaland.land/manga/amatsukaze-to-tetsuya-de-h-shinagara-houkokusho/
  amazing-reincarnation | Amazing Reincarnation | src: https://04x.manhwaland.land/manga/amazing-reincarnation/
  ambivalence-no-uragawa | Ambivalence no Uragawa | src: https://04x.manhwaland.land/manga/ambivalence-no-uragawa/
  ame-mo-shitataru-ii-harusame | Ame mo Shitataru Ii Harusame | src: https://04x.manhwaland.land/manga/ame-mo-shitataru-ii-harusame/
  ame-ni-nurenishi-hanabira-no | Ame ni Nurenishi Hanabira no. | src: https://04x.manhwaland.land/manga/ame-ni-nurenishi-hanabira-no/
  ame-ni-utarete | Ame ni Utarete | src: https://04x.manhwaland.land/manga/ame-ni-utarete/
  ame-yo-muchi-yo-yumi-to-gen | Ame yo Muchi yo, Yumi to Gen | src: https://04x.manhwaland.land/manga/ame-yo-muchi-yo-yumi-to-gen/
  ame-nochi-to-nari-no-onee-san | Ame, Nochi to Nari no Onee-san | src: https://04x.manhwaland.land/manga/ame-nochi-to-nari-no-onee-san/
  amoral-island-jou | Amoral Island Jou | src: https://04x.manhwaland.land/manga/amoral-island-jou/
  an-adults-experiences | An Adult’s Experiences | src: https://04x.manhwaland.land/manga/an-adults-experiences/
  an-older-wife-supple-cage | An Older Wife Supple Cage | src: https://04x.manhwaland.land/manga/an-older-wife-supple-cage/
  an-unexpected-stay | An Unexpected Stay | src: https://04x.manhwaland.land/manga/an-unexpected-stay/
  an-xxl-dick-to-satisfy-a-married-woman | An XXL Dick to Satisfy a Married Woman | src: https://04x.manhwaland.land/manga/an-xxl-dick-to-satisfy-a-married-woman/
  ana-to-muttsuri-dosukebe-daitoshokan-5 | Ana to Muttsuri Dosukebe Daitoshokan 5 | src: https://04x.manhwaland.land/manga/ana-to-muttsuri-dosukebe-daitoshokan-5/
  analog | Analog | src: https://04x.manhwaland.land/manga/analog/
  anata-ga-ireba | Anata ga Ireba | src: https://04x.manhwaland.land/manga/anata-ga-ireba/
  anata-ga-sukitte-ittakara | Anata ga Sukitte Ittakara | src: https://04x.manhwaland.land/manga/anata-ga-sukitte-ittakara/
  anata-no-koto-o-zen-koutei-shite-kureru | Anata no Koto o Zen Koutei shite kureru | src: https://04x.manhwaland.land/manga/anata-no-koto-o-zen-koutei-shite-kureru/
  anata-no-mama-ni-naritakute | Anata no Mama ni Naritakute | src: https://04x.manhwaland.land/manga/anata-no-mama-ni-naritakute/
  anata-no-tame-no-kekkon-kinenbi | Anata no Tame no Kekkon Kinenbi | src: https://04x.manhwaland.land/manga/anata-no-tame-no-kekkon-kinenbi/
  anata-to-nomitai | Anata to Nomitai | src: https://04x.manhwaland.land/manga/anata-to-nomitai/
  anata-wa-kyou-no-ban-gohan | Anata wa Kyou no Ban Gohan | src: https://04x.manhwaland.land/manga/anata-wa-kyou-no-ban-gohan/
  anata-sama-senyou-soap-jou-eriko | Anata-sama Senyou Soap-jou Eriko | src: https://04x.manhwaland.land/manga/anata-sama-senyou-soap-jou-eriko/
  anata-tachi-soredemo-sensei-desu-ka | Anata-tachi Soredemo Sensei Desu ka! | src: https://04x.manhwaland.land/manga/anata-tachi-soredemo-sensei-desu-ka/
  android-no-ofuroya-san | Android no Ofuroya-san | src: https://04x.manhwaland.land/manga/android-no-ofuroya-san/
  ane-ga-kensei-de-imouto-ga-kenja-de | Ane ga Kensei de Imouto ga Kenja de | src: https://04x.manhwaland.land/manga/ane-ga-kensei-de-imouto-ga-kenja-de/
  ane-no-seiyoku-shori-wa-ototo-ga-suru-monoda-to-gitei-wa-omoi-hajimete-iru | Ane no Seiyoku Shori wa Ototo ga Suru Monoda to, Gitei wa Omoi Hajimete Iru | src: https://04x.manhwaland.land/manga/ane-no-seiyoku-shori-wa-ototo-ga-suru-monoda-to-gitei-wa-omoi-hajimete-iru/
  ane-no-shinyuu-to-ikaseai | Ane no Shinyuu to Ikaseai | src: https://04x.manhwaland.land/manga/ane-no-shinyuu-to-ikaseai/
  ane-to-kurasu-living-with-elder-sister | Ane to Kurasu Living with Elder Sister | src: https://04x.manhwaland.land/manga/ane-to-kurasu-living-with-elder-sister/
  ane-zukushi | Ane Zukushi | src: https://04x.manhwaland.land/manga/ane-zukushi/
  anegohada-hitozuma-hitomi | Anegohada Hitozuma Hitomi | src: https://04x.manhwaland.land/manga/anegohada-hitozuma-hitomi/
  anenie-life-boku-no-onanie-wa-ane-no-mono | Anenie Life -Boku no Onanie wa Ane no Mono | src: https://04x.manhwaland.land/manga/anenie-life-boku-no-onanie-wa-ane-no-mono/
  angel-days | Angel Days | src: https://04x.manhwaland.land/manga/angel-days/
  angel-janshi-ako | Angel Janshi Ako | src: https://04x.manhwaland.land/manga/angel-janshi-ako/
  angels-stroke-62-iccha-dame | Angel’s stroke 62 Iccha Dame… | src: https://04x.manhwaland.land/manga/angels-stroke-62-iccha-dame/
  ani-to-imouto-no-shitai-shitai-shitai-koto | Ani to Imouto no Shitai Shitai Shitai Koto | src: https://04x.manhwaland.land/manga/ani-to-imouto-no-shitai-shitai-shitai-koto/
  aniyome-bitch-life | Aniyome Bitch Life | src: https://04x.manhwaland.land/manga/aniyome-bitch-life/
  aniyome-ochiru | Aniyome Ochiru | src: https://04x.manhwaland.land/manga/aniyome-ochiru/
  aniyome-wa-maternity-bitch | Aniyome Wa Maternity Bitch | src: https://04x.manhwaland.land/manga/aniyome-wa-maternity-bitch/
  ankai-no-umi | Ankai no Umi | src: https://04x.manhwaland.land/manga/ankai-no-umi/
  anna-san-cant-get-enough | Anna-san Can’t Get Enough | src: https://04x.manhwaland.land/manga/anna-san-cant-get-enough/
  ano-ana | Ano Ana | src: https://04x.manhwaland.land/manga/ano-ana/
  ano-hi-no-yakusoku-o-hatashite | Ano Hi no Yakusoku o Hatashite | src: https://04x.manhwaland.land/manga/ano-hi-no-yakusoku-o-hatashite/
  ano-oni-kyoshi-ga-boku-no-ane-ni-narundesuka | Ano Oni Kyōshi ga Boku no Ane ni Narundesuka? | src: https://04x.manhwaland.land/manga/ano-oni-kyoshi-ga-boku-no-ane-ni-narundesuka/
  ano-toki-anata-to | Ano Toki Anata to | src: https://04x.manhwaland.land/manga/ano-toki-anata-to/
  ano-toki-tasukete-itadaita-monster-musume-desu | Ano Toki Tasukete Itadaita Monster Musume desu. | src: https://04x.manhwaland.land/manga/ano-toki-tasukete-itadaita-monster-musume-desu/
  anoko-no-kawari-ni-suki-na-dake | Anoko no Kawari ni Suki na dake | src: https://04x.manhwaland.land/manga/anoko-no-kawari-ni-suki-na-dake/
  anoko-wa-oji-san-no-ana | Anoko wa Oji-san no Ana | src: https://04x.manhwaland.land/manga/anoko-wa-oji-san-no-ana/
  anon | Anon | src: https://04x.manhwaland.land/manga/anon/
  anonymous-7 | Anonymous 7 | src: https://04x.manhwaland.land/manga/anonymous-7/
  anonymous-sex-box | Anonymous Sex Box | src: https://04x.manhwaland.land/manga/anonymous-sex-box/
  another-line | Another Line | src: https://04x.manhwaland.land/manga/another-line/
  ant-hell | Ant Hell | src: https://04x.manhwaland.land/manga/ant-hell/
  anta-nandetatten-no | Anta, Nandetatten no? | src: https://04x.manhwaland.land/manga/anta-nandetatten-no/
  anxious-inspector | Anxious Inspector | src: https://04x.manhwaland.land/manga/anxious-inspector/
  anytime-anywhere-with-anyone | Anytime, Anywhere, with Anyone | src: https://04x.manhwaland.land/manga/anytime-anywhere-with-anyone/
  anzio-no-enkou-war | Anzio no Enkou War! | src: https://04x.manhwaland.land/manga/anzio-no-enkou-war/
  apa-aku-salah-mendidik-anak | Apa Aku Salah Mendidik Anak | src: https://04x.manhwaland.land/manga/apa-aku-salah-mendidik-anak/
  apart-no-otonari-san-ga-yarasete-kureru-hanashi | Apart no Otonari-san ga Yarasete Kureru Hanashi | src: https://04x.manhwaland.land/manga/apart-no-otonari-san-ga-yarasete-kureru-hanashi/
  apartment-maid | Apartment Maid | src: https://04x.manhwaland.land/manga/apartment-maid/
  apron-no-nemurihime | Apron no Nemurihime | src: https://04x.manhwaland.land/manga/apron-no-nemurihime/
  aqua | Aqua | src: https://04x.manhwaland.land/manga/aqua/
  ara-ara-mama-to-seikou | Ara-ara Mama to Seikou | src: https://04x.manhwaland.land/manga/ara-ara-mama-to-seikou/
  arasaamama-no-watashi-de-ii-no | Arasaamama no Watashi de Ii no? | src: https://04x.manhwaland.land/manga/arasaamama-no-watashi-de-ii-no/
  arashi-no-bouken | Arashi no Bouken | src: https://04x.manhwaland.land/manga/arashi-no-bouken/
  arcane-sniper | Arcane Sniper | src: https://04x.manhwaland.land/manga/arcane-sniper/
  are-you-just-going-to-watch | Are You Just Going To Watch | src: https://04x.manhwaland.land/manga/are-you-just-going-to-watch/
  are-you-writing-like-this | Are You Writing Like This | src: https://04x.manhwaland.land/manga/are-you-writing-like-this/
  arinomama-no-ama-no-ana-de | Arinomama no, Ama no Ana de | src: https://04x.manhwaland.land/manga/arinomama-no-ama-no-ana-de/
  arofour-dokushin-baricare-oba-san-ga-yuujin-no-musuko-demo | Arofour Dokushin BariCare Oba-san ga Yuujin no Musuko demo | src: https://04x.manhwaland.land/manga/arofour-dokushin-baricare-oba-san-ga-yuujin-no-musuko-demo/
  art-club-after-hours | Art Club After Hours | src: https://04x.manhwaland.land/manga/art-club-after-hours/
  aru-hi-kuma-san-ni-deatta | Aru Hi Kuma-san ni Deatta | src: https://04x.manhwaland.land/manga/aru-hi-kuma-san-ni-deatta/
  as-if-daughter | As If Daughter | src: https://04x.manhwaland.land/manga/as-if-daughter/
  asa-da-umi-da-shiofuku-gyaru-da | Asa da! Umi da! Shiofuku Gyaru da | src: https://04x.manhwaland.land/manga/asa-da-umi-da-shiofuku-gyaru-da/
  asettarashi | Asettarashi | src: https://04x.manhwaland.land/manga/asettarashi/
  ashita-wa-yasumi-dashi | Ashita wa Yasumi dashi | src: https://04x.manhwaland.land/manga/ashita-wa-yasumi-dashi/
  ashitaba-san-chi-no-muko-kurashi | Ashitaba-san Chi no Muko Kurashi | src: https://04x.manhwaland.land/manga/ashitaba-san-chi-no-muko-kurashi/
  assasins-xxx-ii | Assasin’s XXX II | src: https://04x.manhwaland.land/manga/assasins-xxx-ii/
  assassin-x-guillotine | Assassin X Guillotine | src: https://04x.manhwaland.land/manga/assassin-x-guillotine/
  assert | Assert | src: https://04x.manhwaland.land/manga/assert/
  asstrologic | Asstrologic | src: https://04x.manhwaland.land/manga/asstrologic/
  astro-king | Astro King | src: https://04x.manhwaland.land/manga/astro-king/
  asuna-ouen-ecchi | Asuna Ouen Ecchi! | src: https://04x.manhwaland.land/manga/asuna-ouen-ecchi/
  asuna-to-issho-ni | Asuna to Issho ni | src: https://04x.manhwaland.land/manga/asuna-to-issho-ni/
  asuna-close-call | Asuna! Close Call | src: https://04x.manhwaland.land/manga/asuna-close-call/
  asunasan-no-erohon | ASUNAsan NO EROHON | src: https://04x.manhwaland.land/manga/asunasan-no-erohon/
  at-night-shes-a-nymphomaniac | At Night She's a Nymphomaniac | src: https://04x.manhwaland.land/manga/at-night-shes-a-nymphomaniac/
  ataerareta-skill-wo-tsukatte-kasei-de-isekai-bijotachi-to-ichaicha-shitai | Ataerareta Skill wo Tsukatte Kasei de Isekai Bijotachi to Ichaicha shitai | src: https://04x.manhwaland.land/manga/ataerareta-skill-wo-tsukatte-kasei-de-isekai-bijotachi-to-ichaicha-shitai/
  atarashiku-dekita-mama-ga-ero-sugiru-nichijou | Atarashiku Dekita Mama ga Ero Sugiru Nichijou | src: https://04x.manhwaland.land/manga/atarashiku-dekita-mama-ga-ero-sugiru-nichijou/
  atari | ATARI | src: https://04x.manhwaland.land/manga/atari/
  atashi-no-kachi | Atashi no Kachi! | src: https://04x.manhwaland.land/manga/atashi-no-kachi/
  atashi-ponkotsu-bitchroid | Atashi Ponkotsu Bitchroid | src: https://04x.manhwaland.land/manga/atashi-ponkotsu-bitchroid/
  athletes-village-the-trap | Athletes Village: The Trap | src: https://04x.manhwaland.land/manga/athletes-village-the-trap/
  atsuatsu-oyanami-soudanshitsu | Atsuatsu Oyanami Soudanshitsu | src: https://04x.manhwaland.land/manga/atsuatsu-oyanami-soudanshitsu/
  attractive-dog | Attractive Dog | src: https://04x.manhwaland.land/manga/attractive-dog/
  aubade-in-nanachi | Aubade in Nanachi | src: https://04x.manhwaland.land/manga/aubade-in-nanachi/
  aunt-and-me | Aunt And Me | src: https://04x.manhwaland.land/manga/aunt-and-me/
  aunties-armpits-sweat-etc | Auntie's Armpits, Sweat, etc… | src: https://04x.manhwaland.land/manga/aunties-armpits-sweat-etc/
  aunties-juicy-breakfast-uncensored | Aunties' Juicy Breakfast (Uncensored) | src: https://04x.manhwaland.land/manga/aunties-juicy-breakfast-uncensored/
  authorized-agency | Authorized Agency | src: https://04x.manhwaland.land/manga/authorized-agency/
  av-family | AV Family | src: https://04x.manhwaland.land/manga/av-family/
  avalos | Avalos | src: https://04x.manhwaland.land/manga/avalos/
  awakening-sss-rank-skill-after-a-kiss | Awakening SSS-Rank Skill After A Kiss | src: https://04x.manhwaland.land/manga/awakening-sss-rank-skill-after-a-kiss/
  aware-darkness | Aware Darkness | src: https://04x.manhwaland.land/manga/aware-darkness/
  awkward-you-me | Awkward You Me | src: https://04x.manhwaland.land/manga/awkward-you-me/
  aya-sakura-emaki | Aya Sakura Emaki | src: https://04x.manhwaland.land/manga/aya-sakura-emaki/
  ayano-from-the-kazemakis-family-dirty-boner-massage-edition | Ayano from the Kazemaki's family dirty boner massage edition | src: https://04x.manhwaland.land/manga/ayano-from-the-kazemakis-family-dirty-boner-massage-edition/
  ayapan | Ayapan | src: https://04x.manhwaland.land/manga/ayapan/
  ayu-no-kissashitsu | Ayu no Kissashitsu | src: https://04x.manhwaland.land/manga/ayu-no-kissashitsu/
  azulan-shikoshiko-bokou-seikatsu-4 | AzuLan Shikoshiko Bokou Seikatsu 4 | src: https://04x.manhwaland.land/manga/azulan-shikoshiko-bokou-seikatsu-4/
  b-f-f-best-friends-fuck | B F F ~Best Friends Fuck~ | src: https://04x.manhwaland.land/manga/b-f-f-best-friends-fuck/
  b-kyuu-manga-12-icnizoku-no-shikitari-1-yame | B-Kyuu Manga 12 Icnizoku no Shikitari 1-yame | src: https://04x.manhwaland.land/manga/b-kyuu-manga-12-icnizoku-no-shikitari-1-yame/
  b-trayal-44-mikoto-uchiha | B-trayal 44 Mikoto Uchiha | src: https://04x.manhwaland.land/manga/b-trayal-44-mikoto-uchiha/
  baby-boss | Baby Boss | src: https://04x.manhwaland.land/manga/baby-boss/
  back-with-a-bang | Back With a Bang | src: https://04x.manhwaland.land/manga/back-with-a-bang/
  backseat-trip-with-my-stepmother | Backseat Trip with my Stepmother | src: https://04x.manhwaland.land/manga/backseat-trip-with-my-stepmother/
  bad-end-crisis-toaru-kagaku-no-railgun | Bad End Crisis (Toaru Kagaku no Railgun) | src: https://04x.manhwaland.land/manga/bad-end-crisis-toaru-kagaku-no-railgun/
  bad-match-x-good-match | Bad Match X Good Match | src: https://04x.manhwaland.land/manga/bad-match-x-good-match/
  bad-parenting | Bad Parenting | src: https://04x.manhwaland.land/manga/bad-parenting/
  bad-things | Bad Things | src: https://04x.manhwaland.land/manga/bad-things/
  bad-thinking-diary | Bad Thinking Diary | src: https://04x.manhwaland.land/manga/bad-thinking-diary/
  bakakuma-satanias-human-domination-plan | Bakakuma Satania’s Human Domination Plan | src: https://04x.manhwaland.land/manga/bakakuma-satanias-human-domination-plan/
  bakuchi-butai | Bakuchi Butai | src: https://04x.manhwaland.land/manga/bakuchi-butai/
  bakumama | Bakumama!! | src: https://04x.manhwaland.land/manga/bakumama/
  bakunyuu-gal-no-kakushigoto | Bakunyuu Gal no Kakushigoto | src: https://04x.manhwaland.land/manga/bakunyuu-gal-no-kakushigoto/
  bakunyuu-hitozuma-kinpatsu-gaikokujin-jokyoushi | Bakunyuu Hitozuma Kinpatsu Gaikokujin Jokyoushi | src: https://04x.manhwaland.land/manga/bakunyuu-hitozuma-kinpatsu-gaikokujin-jokyoushi/
  bakunyuu-no-tenshi-nightingale-avdebut | Bakunyuu no Tenshi Nightingale AVDebut! | src: https://04x.manhwaland.land/manga/bakunyuu-no-tenshi-nightingale-avdebut/
  bakunyuu-yandere-kanojo-ni-mechakucha-aisaretai-hon | Bakunyuu Yandere Kanojo ni Mechakucha Aisaretai Hon | src: https://04x.manhwaland.land/manga/bakunyuu-yandere-kanojo-ni-mechakucha-aisaretai-hon/
  bandit-nieces | Bandit Nieces | src: https://04x.manhwaland.land/manga/bandit-nieces/
  banging-my-big-titty-tutor | Banging My Big Titty Tutor | src: https://04x.manhwaland.land/manga/banging-my-big-titty-tutor/
  barbara-no-kenshin | Barbara no Kenshin | src: https://04x.manhwaland.land/manga/barbara-no-kenshin/
  barbara-start-dush | Barbara Start! Dush! | src: https://04x.manhwaland.land/manga/barbara-start-dush/
  barber-shop-fuck | Barber Shop Fuck | src: https://04x.manhwaland.land/manga/barber-shop-fuck/
  bath-love-land | Bath Love Land | src: https://04x.manhwaland.land/manga/bath-love-land/
  bath-romance | Bath Romance | src: https://04x.manhwaland.land/manga/bath-romance/
  bathtime-with-you | Bathtime With You | src: https://04x.manhwaland.land/manga/bathtime-with-you/
  batsu-to-shite-ochite-yuku | Batsu to Shite Ochite Yuku | src: https://04x.manhwaland.land/manga/batsu-to-shite-ochite-yuku/
  battle-fuck-zettai-ouja-kanojo-ni-kaeriuchi-ni-au | Battle Fuck Zettai Ouja, Kanojo ni Kaeriuchi ni Au | src: https://04x.manhwaland.land/manga/battle-fuck-zettai-ouja-kanojo-ni-kaeriuchi-ni-au/
  bb-chan-no-koto-nanka-zenzen-suki-ja-nain-dakara-ne | BB-chan no Koto nanka Zenzen Suki ja Nain dakara ne! | src: https://04x.manhwaland.land/manga/bb-chan-no-koto-nanka-zenzen-suki-ja-nain-dakara-ne/
  beach-goddess | Beach Goddess | src: https://04x.manhwaland.land/manga/beach-goddess/
  bean-curd-woman | Bean Curd Woman | src: https://04x.manhwaland.land/manga/bean-curd-woman/
  beautiful-days | Beautiful Days | src: https://04x.manhwaland.land/manga/beautiful-days/
  bebe-nero | Bebe Nero | src: https://04x.manhwaland.land/manga/bebe-nero/
  because-i-want-you-to-bully-me | Because I Want You to Bully Me | src: https://04x.manhwaland.land/manga/because-i-want-you-to-bully-me/
  bedded-by-your-best-friend | Bedded by Your Best Friend | src: https://04x.manhwaland.land/manga/bedded-by-your-best-friend/
  beholden-to-you | Beholden to You | src: https://04x.manhwaland.land/manga/beholden-to-you/
  berry-fans | Berry Fans | src: https://04x.manhwaland.land/manga/berry-fans/
  between-shouldnt | Between Shouldn't | src: https://04x.manhwaland.land/manga/between-shouldnt/
  between-us-goinmul | Between Us (Goinmul) | src: https://04x.manhwaland.land/manga/between-us-goinmul/
  beware-your-juniors-cock | Beware Your Junior's Cock | src: https://04x.manhwaland.land/manga/beware-your-juniors-cock/
  bewitching-mamas-lewd-cocktail-juice | Bewitching Mama's Lewd Cocktail Juice | src: https://04x.manhwaland.land/manga/bewitching-mamas-lewd-cocktail-juice/
  biashi-reward | Biashi Reward | src: https://04x.manhwaland.land/manga/biashi-reward/
  bibon-vol-8-0 | BIBON Vol 8.0 | src: https://04x.manhwaland.land/manga/bibon-vol-8-0/
  big-brothers-wife | Big Brother's Wife | src: https://04x.manhwaland.land/manga/big-brothers-wife/
  big-dick-next-door | Big Dick Next Door | src: https://04x.manhwaland.land/manga/big-dick-next-door/
  big-sis-binds-us-together | Big Sis Binds Us Together | src: https://04x.manhwaland.land/manga/big-sis-binds-us-together/
  big-titty-step-moms-guide-to-studying | Big Titty Step-Mom’s Guide to Studying | src: https://04x.manhwaland.land/manga/big-titty-step-moms-guide-to-studying/
  big-boobed-stepsister-attacks | Big-Boobed Stepsister Attacks | src: https://04x.manhwaland.land/manga/big-boobed-stepsister-attacks/
  bijin-gym-tore-wa-gaman-dekinai | Bijin Gym Tore wa Gaman Dekinai | src: https://04x.manhwaland.land/manga/bijin-gym-tore-wa-gaman-dekinai/
  bijin-henshuu-chou-no-himitsu | Bijin Henshuu-chou no Himitsu | src: https://04x.manhwaland.land/manga/bijin-henshuu-chou-no-himitsu/
  bijin-jokyoushi-tamamo-chan | Bijin Jokyoushi Tamamo-chan | src: https://04x.manhwaland.land/manga/bijin-jokyoushi-tamamo-chan/
  bijukujo-senshi-luna-freya | Bijukujo Senshi Luna Freya | src: https://04x.manhwaland.land/manga/bijukujo-senshi-luna-freya/
  bijukujo-to-yajuu | Bijukujo to Yajuu | src: https://04x.manhwaland.land/manga/bijukujo-to-yajuu/
  bijutsubu-no-kyonyuu-kouhai-ga-nude-model-ni-natta-kekka-amari-ni-ero-sugite-ore-no-geijutsu-ga-bakuhatsushita-hanashi | Bijutsubu no Kyonyuu Kouhai ga Nude Model ni Natta Kekka Amari ni Ero Sugite Ore no Geijutsu ga Bakuhatsushita Hanashi | src: https://04x.manhwaland.land/manga/bijutsubu-no-kyonyuu-kouhai-ga-nude-model-ni-natta-kekka-amari-ni-ero-sugite-ore-no-geijutsu-ga-bakuhatsushita-hanashi/
  bijyo-to-yajyuu | Bijyo to Yajyuu | src: https://04x.manhwaland.land/manga/bijyo-to-yajyuu/
  bikini-armor-yuusha-ni-tensei-shita-moto-joshi-chuugakusei-chan-no-h-na-isekai-boukentan | Bikini Armor Yuusha ni Tensei Shita Moto Joshi Chuugakusei-chan no (H na) Isekai Boukentan | src: https://04x.manhwaland.land/manga/bikini-armor-yuusha-ni-tensei-shita-moto-joshi-chuugakusei-chan-no-h-na-isekai-boukentan/
  billiard-room-love | Billiard Room Love | src: https://04x.manhwaland.land/manga/billiard-room-love/
  binbou-gurashi-na-boshi-katei-no-oyako-koubi-wa-kimochi-ii | Binbou Gurashi na Boshi Katei no Oyako Koubi wa Kimochi Ii | src: https://04x.manhwaland.land/manga/binbou-gurashi-na-boshi-katei-no-oyako-koubi-wa-kimochi-ii/
  binkan-na-tokoro-sensitive-place | Binkan na Tokoro Sensitive Place | src: https://04x.manhwaland.land/manga/binkan-na-tokoro-sensitive-place/
  binkan-sugiru-miho-chan-no-yuuutsu | Binkan Sugiru Miho-chan no Yuuutsu | src: https://04x.manhwaland.land/manga/binkan-sugiru-miho-chan-no-yuuutsu/
  biribiri-shock | BiriBiri Shock! | src: https://04x.manhwaland.land/manga/biribiri-shock/
  bisshori-summer | Bisshori Summer | src: https://04x.manhwaland.land/manga/bisshori-summer/
  bitai | Bitai | src: https://04x.manhwaland.land/manga/bitai/
  bitch-a-girl | Bitch a Girl | src: https://04x.manhwaland.land/manga/bitch-a-girl/
  bitch-furin-tsuma-otto-ni-naisho-de-otoko-wo-yuuwakushite-furinshimakuru-hitozuma | Bitch Furin Tsuma ~Otto ni Naisho de Otoko wo Yuuwakushite Furinshimakuru Hitozuma~ | src: https://04x.manhwaland.land/manga/bitch-furin-tsuma-otto-ni-naisho-de-otoko-wo-yuuwakushite-furinshimakuru-hitozuma/
  bitch-gal-to-shojo-sensei-ni-hokenshitsu-de-shiboritorareru | Bitch Gal to Shojo Sensei ni Hokenshitsu de Shiboritorareru | src: https://04x.manhwaland.land/manga/bitch-gal-to-shojo-sensei-ni-hokenshitsu-de-shiboritorareru/
  bitch-in-heat | Bitch in Heat | src: https://04x.manhwaland.land/manga/bitch-in-heat/
  bitch-jukujo-no-kozukai-kasegi | Bitch Jukujo no Kozukai Kasegi | src: https://04x.manhwaland.land/manga/bitch-jukujo-no-kozukai-kasegi/
  bitch-kanroji-mitsuri | Bitch Kanroji Mitsuri | src: https://04x.manhwaland.land/manga/bitch-kanroji-mitsuri/
  bitch-mama-no-kekkon-riyuu | Bitch Mama no Kekkon Riyuu | src: https://04x.manhwaland.land/manga/bitch-mama-no-kekkon-riyuu/
  bitch-na-inane-sama | Bitch na Inane-sama | src: https://04x.manhwaland.land/manga/bitch-na-inane-sama/
  bitch-slump-azato-san | Bitch Slump Azato-san | src: https://04x.manhwaland.land/manga/bitch-slump-azato-san/
  bitcheer-mama | BitCheer Mama | src: https://04x.manhwaland.land/manga/bitcheer-mama/
  black-clover | Black Clover | src: https://04x.manhwaland.land/manga/black-clover/
  black-moon-prophecy | Black Moon Prophecy | src: https://04x.manhwaland.land/manga/black-moon-prophecy/
  black-sheep-white-sheep | Black Sheep & White Sheep | src: https://04x.manhwaland.land/manga/black-sheep-white-sheep/
  blackmailing-my-boss-using-my-power-to-recognize-women-by-their-asses | Blackmailing My Boss Using My Power To Recognize Women By Their Asses | src: https://04x.manhwaland.land/manga/blackmailing-my-boss-using-my-power-to-recognize-women-by-their-asses/
  ble-nana | BLE NANA | src: https://04x.manhwaland.land/manga/ble-nana/
  ble-ran | BLE RAN | src: https://04x.manhwaland.land/manga/ble-ran/
  blessings-on-this-holy-night | Blessings on This Holy Night | src: https://04x.manhwaland.land/manga/blessings-on-this-holy-night/
  blissville | Blissville | src: https://04x.manhwaland.land/manga/blissville/
  block-69 | Block 69 | src: https://04x.manhwaland.land/manga/block-69/
  blooming | Blooming | src: https://04x.manhwaland.land/manga/blooming/
  blossom | Blossom | src: https://04x.manhwaland.land/manga/blossom/
  blueming | Blueming | src: https://04x.manhwaland.land/manga/blueming/
  blushing-because-of-you-serialization | Blushing Because Of You (Serialization) | src: https://04x.manhwaland.land/manga/blushing-because-of-you-serialization/
  boarding-diary | Boarding Diary | src: https://04x.manhwaland.land/manga/boarding-diary/
  boarding-school | Boarding School | src: https://04x.manhwaland.land/manga/boarding-school/
  bocchama-seishidou-ni-mairimashita | Bocchama, Seishidou ni Mairimashita | src: https://04x.manhwaland.land/manga/bocchama-seishidou-ni-mairimashita/
  bodabureiku | Bodabureiku | src: https://04x.manhwaland.land/manga/bodabureiku/
  body-bind | Body Bind | src: https://04x.manhwaland.land/manga/body-bind/
  body-camper | Body Camper | src: https://04x.manhwaland.land/manga/body-camper/
  body-change | Body Change | src: https://04x.manhwaland.land/manga/body-change/
  body-swap | Body Swap | src: https://04x.manhwaland.land/manga/body-swap/
  bointou-lewd | Bointou Lewd | src: https://04x.manhwaland.land/manga/bointou-lewd/
  boku-dake-ga-sex-dekinai-ie | Boku dake ga Sex Dekinai Ie | src: https://04x.manhwaland.land/manga/boku-dake-ga-sex-dekinai-ie/
  boku-dake-ni-amaesasete-kureru-kyonyuu-jk-tsuma-o-hoka-no-otoko-ni-dakasete-mita | Boku dake ni Amaesasete Kureru Kyonyuu JK Tsuma o Hoka no Otoko ni Dakasete Mita | src: https://04x.manhwaland.land/manga/boku-dake-ni-amaesasete-kureru-kyonyuu-jk-tsuma-o-hoka-no-otoko-ni-dakasete-mita/
  boku-dake-no-inbo-tachi | Boku dake no Inbo-tachi | src: https://04x.manhwaland.land/manga/boku-dake-no-inbo-tachi/
  boku-dake-no-yariman-doko-demo-itsumo-demo-paizuri-tekoki-lovelove-pakopako-sasete-kureru-marina | Boku Dake no Yariman ~Doko Demo Itsumo Demo Paizuri Tekoki LoveLove Pakopako Sasete Kureru Marina | src: https://04x.manhwaland.land/manga/boku-dake-no-yariman-doko-demo-itsumo-demo-paizuri-tekoki-lovelove-pakopako-sasete-kureru-marina/
  boku-ga-okasanto-konna-koto-ni-natchau-hanashi | Boku Ga Okasanto Konna Koto Ni Natchau Hanashi | src: https://04x.manhwaland.land/manga/boku-ga-okasanto-konna-koto-ni-natchau-hanashi/
  boku-igai-inpo-no-sekai-tannin-kyoushi-hen | Boku Igai Inpo no Sekai Tannin Kyoushi Hen | src: https://04x.manhwaland.land/manga/boku-igai-inpo-no-sekai-tannin-kyoushi-hen/
  boku-no-daisuki-na-oba-chan | Boku no Daisuki na Oba-chan | src: https://04x.manhwaland.land/manga/boku-no-daisuki-na-oba-chan/
  boku-no-daisuki-na-oba-san | Boku no Daisuki na Oba-san | src: https://04x.manhwaland.land/manga/boku-no-daisuki-na-oba-san/
  boku-no-daisuki-na-okaa-san-o-tannin-no-sensei-ni-toraremashita | Boku no Daisuki na Okaa-san o Tannin no Sensei ni Toraremashita | src: https://04x.manhwaland.land/manga/boku-no-daisuki-na-okaa-san-o-tannin-no-sensei-ni-toraremashita/
  boku-no-deatta-risou-no-chijo-wa-kanojo-no-hahaoya | Boku no Deatta Risou no Chijo wa Kanojo no Hahaoya | src: https://04x.manhwaland.land/manga/boku-no-deatta-risou-no-chijo-wa-kanojo-no-hahaoya/
  boku-no-doutei-wa-neteru-aida-ni-ubawaremashita | Boku no Doutei wa Neteru Aida ni Ubawaremashita | src: https://04x.manhwaland.land/manga/boku-no-doutei-wa-neteru-aida-ni-ubawaremashita/
  boku-no-furin-taiken | Boku no Furin Taiken | src: https://04x.manhwaland.land/manga/boku-no-furin-taiken/
  boku-no-geshuku-seikatsu-ni-tsuite | Boku no Geshuku Seikatsu ni Tsuite | src: https://04x.manhwaland.land/manga/boku-no-geshuku-seikatsu-ni-tsuite/
  boku-no-heya-ni-shoufu-no-elf-o-shoukan-shite-shimatta | Boku no Heya ni Shoufu no Elf o Shoukan Shite Shimatta | src: https://04x.manhwaland.land/manga/boku-no-heya-ni-shoufu-no-elf-o-shoukan-shite-shimatta/
  boku-no-houman-ooya-san | Boku no Houman Ooya-san | src: https://04x.manhwaland.land/manga/boku-no-houman-ooya-san/
  boku-no-ie-ni-wa-succubus-ga-kuru | Boku no Ie ni wa Succubus ga Kuru | src: https://04x.manhwaland.land/manga/boku-no-ie-ni-wa-succubus-ga-kuru/
  boku-no-iinari-yoshikawa-sensei | Boku No Iinari Yoshikawa Sensei | src: https://04x.manhwaland.land/manga/boku-no-iinari-yoshikawa-sensei/
  boku-no-kaa-chan-ga-hikikomori-neet-debu-aniki-no-seishori-onaho-ni-natteita-hanashi | Boku no Kaa-chan ga Hikikomori Neet Debu Aniki no Seishori Onaho ni Natteita Hanashi | src: https://04x.manhwaland.land/manga/boku-no-kaa-chan-ga-hikikomori-neet-debu-aniki-no-seishori-onaho-ni-natteita-hanashi/
  boku-no-kaa-san-de-boku-no-suki-na-hito | Boku no Kaa-san de, Boku no Suki na Hito | src: https://04x.manhwaland.land/manga/boku-no-kaa-san-de-boku-no-suki-na-hito/
  boku-no-kaa-san-wa-av-joyuu | Boku no Kaa-san wa AV Joyuu | src: https://04x.manhwaland.land/manga/boku-no-kaa-san-wa-av-joyuu/
  boku-no-kanojo-wa-sukebe-onee-chan | Boku no Kanojo wa Sukebe Onee-chan | src: https://04x.manhwaland.land/manga/boku-no-kanojo-wa-sukebe-onee-chan/
  boku-no-kokoro-no-eroi-yatsu | Boku no Kokoro no Eroi Yatsu | src: https://04x.manhwaland.land/manga/boku-no-kokoro-no-eroi-yatsu/
  boku-no-kokoro-no-yabai-yatsu | Boku no Kokoro no Yabai Yatsu | src: https://04x.manhwaland.land/manga/boku-no-kokoro-no-yabai-yatsu/
  boku-no-namae-wa-shounen-a | Boku no Namae wa “Shounen A” | src: https://04x.manhwaland.land/manga/boku-no-namae-wa-shounen-a/
  boku-no-onee-chan | Boku no Onee-chan | src: https://04x.manhwaland.land/manga/boku-no-onee-chan/
  boku-no-otona-shokugyo-taiken | Boku no Otona Shokugyo-taiken | src: https://04x.manhwaland.land/manga/boku-no-otona-shokugyo-taiken/
  boku-no-otona-shokugyou-taiken | Boku no Otona Shokugyou Taiken | src: https://04x.manhwaland.land/manga/boku-no-otona-shokugyou-taiken/
  boku-no-risou-no-isekai-seikatsu-11 | Boku no Risou no Isekai Seikatsu 11 | src: https://04x.manhwaland.land/manga/boku-no-risou-no-isekai-seikatsu-11/
  boku-no-sensei-my-tutor | Boku no Sensei My Tutor | src: https://04x.manhwaland.land/manga/boku-no-sensei-my-tutor/
  boku-no-yamanoue-mura-haramase-nikki | Boku no Yamanoue-mura Haramase Nikki | src: https://04x.manhwaland.land/manga/boku-no-yamanoue-mura-haramase-nikki/
  boku-shika-shiranai-tsuma-o-netorasetara | Boku shika Shiranai Tsuma o Netorasetara | src: https://04x.manhwaland.land/manga/boku-shika-shiranai-tsuma-o-netorasetara/
  boku-to-gasatsu-na-onee-no-seiyoku-shori-seikatsu | Boku to Gasatsu na Onee no Seiyoku Shori Seikatsu | src: https://04x.manhwaland.land/manga/boku-to-gasatsu-na-onee-no-seiyoku-shori-seikatsu/
  boku-to-kimi-gyaru-ga-fufu-ni-naru-made | Boku to kimi (gyaru) ga fūfu ni naru made | src: https://04x.manhwaland.land/manga/boku-to-kimi-gyaru-ga-fufu-ni-naru-made/
  boku-to-mama-no-josou-koukai-pakohame-nama-sex | Boku to Mama no Josou Koukai Pakohame Nama Sex | src: https://04x.manhwaland.land/manga/boku-to-mama-no-josou-koukai-pakohame-nama-sex/
  boku-to-succubus-mama-tachi-to-no-harem-life | Boku to Succubus Mama-tachi to no Harem Life | src: https://04x.manhwaland.land/manga/boku-to-succubus-mama-tachi-to-no-harem-life/
  boku-to-tomo-mama-no-sefri-keiyaku | Boku to Tomo Mama no SeFri Keiyaku | src: https://04x.manhwaland.land/manga/boku-to-tomo-mama-no-sefri-keiyaku/
  boku-wa-ayashii-kimi-no-mono | Boku wa Ayashii Kimi no Mono | src: https://04x.manhwaland.land/manga/boku-wa-ayashii-kimi-no-mono/
  boku-wa-hero-paranoia | Boku wa Hero Paranoia | src: https://04x.manhwaland.land/manga/boku-wa-hero-paranoia/
  boku-wa-inma-no-esa-gakari | Boku wa Inma no Esa-Gakari | src: https://04x.manhwaland.land/manga/boku-wa-inma-no-esa-gakari/
  boku-wa-inma-no-goshujin-sam | Boku wa Inma no Goshujin-sam | src: https://04x.manhwaland.land/manga/boku-wa-inma-no-goshujin-sam/
  boku-wa-junyuuka-ni-kakatte-bonyuu-o-nonde-kenkou-ni-narimashita | Boku wa Junyuuka ni Kakatte Bonyuu o Nonde Kenkou ni Narimashita | src: https://04x.manhwaland.land/manga/boku-wa-junyuuka-ni-kakatte-bonyuu-o-nonde-kenkou-ni-narimashita/
  boku-wa-kanojo-no-marmot | Boku wa Kanojo no Marmot! | src: https://04x.manhwaland.land/manga/boku-wa-kanojo-no-marmot/
  boku-wa-sono-hito-o-yoku-shiranai | Boku wa Sono Hito o Yoku Shiranai | src: https://04x.manhwaland.land/manga/boku-wa-sono-hito-o-yoku-shiranai/
  boku-wa-tsuma-ga-netorare | Boku wa Tsuma ga Netorare | src: https://04x.manhwaland.land/manga/boku-wa-tsuma-ga-netorare/
  boku-wa-tsuma-ga-netorare-nando-mo-ikasareru-sugata-wo-mi-tsudzuketa | Boku wa Tsuma ga Netorare Nando mo Ikasareru Sugata wo mi Tsudzuketa | src: https://04x.manhwaland.land/manga/boku-wa-tsuma-ga-netorare-nando-mo-ikasareru-sugata-wo-mi-tsudzuketa/
  bokura-ga-sefri-ja-nakunaru-hi | Bokura ga SeFri ja Nakunaru Hi | src: https://04x.manhwaland.land/manga/bokura-ga-sefri-ja-nakunaru-hi/
  bokura-ga-sefure-ja-nakunaru-hi-zenpen | Bokura ga Sefure ja Nakunaru Hi -Zenpen | src: https://04x.manhwaland.land/manga/bokura-ga-sefure-ja-nakunaru-hi-zenpen/
  bomber-x-bomber | Bomber x Bomber!! | src: https://04x.manhwaland.land/manga/bomber-x-bomber/
  bonds-or-ties | Bonds or Ties | src: https://04x.manhwaland.land/manga/bonds-or-ties/
  bonyuu-kaa-san-no-naka-ni-modoritai | Bonyuu Kaa-san no Naka ni Modoritai | src: https://04x.manhwaland.land/manga/bonyuu-kaa-san-no-naka-ni-modoritai/
  boobie-new-year | Boobie New Year | src: https://04x.manhwaland.land/manga/boobie-new-year/
  borderless | Borderless | src: https://04x.manhwaland.land/manga/borderless/
  bosai-gokan | Bosai Gokan | src: https://04x.manhwaland.land/manga/bosai-gokan/
  bosei-honnou | Bosei Honnou | src: https://04x.manhwaland.land/manga/bosei-honnou/
  bosei-no-hate | Bosei no Hate | src: https://04x.manhwaland.land/manga/bosei-no-hate/
  boshi-chika-resort | Boshi Chika Resort | src: https://04x.manhwaland.land/manga/boshi-chika-resort/
  boshi-no-inshuu | Boshi no Inshuu | src: https://04x.manhwaland.land/manga/boshi-no-inshuu/
  boshi-no-toriko | Boshi no Toriko | src: https://04x.manhwaland.land/manga/boshi-no-toriko/
  boshino-toriko | Boshino Toriko | src: https://04x.manhwaland.land/manga/boshino-toriko/
  boss | Boss | src: https://04x.manhwaland.land/manga/boss/
  boss-around | Boss Around | src: https://04x.manhwaland.land/manga/boss-around/
  boss-of-the-reading-room | Boss of the Reading Room | src: https://04x.manhwaland.land/manga/boss-of-the-reading-room/
  boss-reverse | Boss Reverse | src: https://04x.manhwaland.land/manga/boss-reverse/
  boss-wife | Boss Wife | src: https://04x.manhwaland.land/manga/boss-wife/
  boss-give-me-your-daughter | Boss! Give Me Your Daughter! | src: https://04x.manhwaland.land/manga/boss-give-me-your-daughter/
  bosss-daughter | Boss’s Daughter | src: https://04x.manhwaland.land/manga/bosss-daughter/
  botan-to-sakura | Botan to Sakura | src: https://04x.manhwaland.land/manga/botan-to-sakura/
  boukensha-san-ga-elf-ni-sarete-shinyuu-to-musubareru-hanashi | Boukensha-san ga Elf ni Sarete Shinyuu to Musubareru Hanashi | src: https://04x.manhwaland.land/manga/boukensha-san-ga-elf-ni-sarete-shinyuu-to-musubareru-hanashi/
  boukoku-no-denka-the-fallen-royal | Boukoku no Denka The Fallen Royal | src: https://04x.manhwaland.land/manga/boukoku-no-denka-the-fallen-royal/
  boy-meets-nyaa-god | Boy Meets Nyaa God | src: https://04x.manhwaland.land/manga/boy-meets-nyaa-god/
  boyish-kanojo-wa-aitsu-no-iro-ni-somaru | Boyish Kanojo wa Aitsu no Iro ni Somaru | src: https://04x.manhwaland.land/manga/boyish-kanojo-wa-aitsu-no-iro-ni-somaru/
  breaking-a-romantic-fantasy-villain | Breaking A Romantic Fantasy Villain | src: https://04x.manhwaland.land/manga/breaking-a-romantic-fantasy-villain/
  bricola-6-color-ban | BRICOLA 6 Color Ban | src: https://04x.manhwaland.land/manga/bricola-6-color-ban/
  bride-training | Bride Training | src: https://04x.manhwaland.land/manga/bride-training/
  brides-kitchen | Bride's Kitchen | src: https://04x.manhwaland.land/manga/brides-kitchen/
  bring-my-level-up-alone | Bring My Level Up Alone | src: https://04x.manhwaland.land/manga/bring-my-level-up-alone/
  brothel | Brothel | src: https://04x.manhwaland.land/manga/brothel/
  brothers-wife-dignity | Brother's Wife Dignity | src: https://04x.manhwaland.land/manga/brothers-wife-dignity/
  bs-anger | Bs Anger | src: https://04x.manhwaland.land/manga/bs-anger/
  buka-to-maguwau-hitozuma-joushi | Buka to Maguwau Hitozuma Joushi | src: https://04x.manhwaland.land/manga/buka-to-maguwau-hitozuma-joushi/
  bukkake-mirko | Bukkake Mirko | src: https://04x.manhwaland.land/manga/bukkake-mirko/
  bulma-saves-the-earth | Bulma Saves the Earth | src: https://04x.manhwaland.land/manga/bulma-saves-the-earth/
  bunnies-showdown | BUNNIES SHOWDOWN | src: https://04x.manhwaland.land/manga/bunnies-showdown/
  bunny-ga-osuki-to-kikimashite | Bunny ga Osuki to Kikimashite | src: https://04x.manhwaland.land/manga/bunny-ga-osuki-to-kikimashite/
  bunny-teacher | Bunny Teacher | src: https://04x.manhwaland.land/manga/bunny-teacher/
  burida-no-tsuitachi | Burīdā no Tsuitachi | src: https://04x.manhwaland.land/manga/burida-no-tsuitachi/
  bust-shot | Bust Shot! | src: https://04x.manhwaland.land/manga/bust-shot/
  buta-san-to-oyakodon | Buta-san to Oyakodon | src: https://04x.manhwaland.land/manga/buta-san-to-oyakodon/
  by-chance | By Chance | src: https://04x.manhwaland.land/manga/by-chance/
  by-spring | By Spring | src: https://04x.manhwaland.land/manga/by-spring/
  caddie-mom | Caddie Mom | src: https://04x.manhwaland.land/manga/caddie-mom/
  cafe-affair | Café Affair! | src: https://04x.manhwaland.land/manga/cafe-affair/
  cafe-anime | Cafe anime | src: https://04x.manhwaland.land/manga/cafe-anime/
  call-me-mama-and-pamper-me | Call Me Mama and Pamper Me | src: https://04x.manhwaland.land/manga/call-me-mama-and-pamper-me/
  campbelljuice | CampbellJuice | src: https://04x.manhwaland.land/manga/campbelljuice/
  campus-love | Campus Love | src: https://04x.manhwaland.land/manga/campus-love/
  can-i-touch-it | Can I Touch It? | src: https://04x.manhwaland.land/manga/can-i-touch-it/
  can-i-use-your-bath | Can I Use Your Bath | src: https://04x.manhwaland.land/manga/can-i-use-your-bath/
  candy-ga-osuki | Candy ga Osuki | src: https://04x.manhwaland.land/manga/candy-ga-osuki/
  captivated-by-senpai | Captivated by senpai | src: https://04x.manhwaland.land/manga/captivated-by-senpai/
  careful-when-you-look-away | Careful When You Look Away | src: https://04x.manhwaland.land/manga/careful-when-you-look-away/
  cartoonists-nsfw | Cartoonists NSFW | src: https://04x.manhwaland.land/manga/cartoonists-nsfw/
  catch-me%e2%98%86 | CATch Me☆ | src: https://04x.manhwaland.land/manga/catch-me%e2%98%86/
  caught-in-the-rain | Caught In The Rain | src: https://04x.manhwaland.land/manga/caught-in-the-rain/
  cecillia-style | Cecillia Style | src: https://04x.manhwaland.land/manga/cecillia-style/
  celeb-okusama-wa-okomari-desu | Celeb Okusama wa Okomari Desu | src: https://04x.manhwaland.land/manga/celeb-okusama-wa-okomari-desu/
  certain-victory-childhood-friend | Certain Victory Childhood Friend | src: https://04x.manhwaland.land/manga/certain-victory-childhood-friend/
  chaldea-samen-coating-bu | Chaldea Samen Coating-bu | src: https://04x.manhwaland.land/manga/chaldea-samen-coating-bu/
  change-geulae | Change (Geulae) | src: https://04x.manhwaland.land/manga/change-geulae/
  char-hame-sex-with-charlotte | Char Hame Sex With Charlotte | src: https://04x.manhwaland.land/manga/char-hame-sex-with-charlotte/
  char-no-ero-hon | Char no Ero Hon | src: https://04x.manhwaland.land/manga/char-no-ero-hon/
  charming-girl | Charming Girl | src: https://04x.manhwaland.land/manga/charming-girl/
  cheat-skill-shihai-otsukatte-isekai-harem | Cheat Skill “Shihai” Otsukatte Isekai Harem! | src: https://04x.manhwaland.land/manga/cheat-skill-shihai-otsukatte-isekai-harem/
  cheer-gal | Cheer Gal! | src: https://04x.manhwaland.land/manga/cheer-gal/
  cheer-manager | Cheer Manager | src: https://04x.manhwaland.land/manga/cheer-manager/
  cheer-up-brother-in-law | Cheer Up, Brother In Law | src: https://04x.manhwaland.land/manga/cheer-up-brother-in-law/
  cheriburu | Cheriburu | src: https://04x.manhwaland.land/manga/cheriburu/
  chiaraijima-kanako-wa-naze-suru-no-ka | Chiaraijima Kanako wa naze ○○ suru no ka? | src: https://04x.manhwaland.land/manga/chiaraijima-kanako-wa-naze-suru-no-ka/
  chibo-genka-nagusame-soukan | Chibo Genka ~Nagusame Soukan | src: https://04x.manhwaland.land/manga/chibo-genka-nagusame-soukan/
  chica-mala | Chica Mala | src: https://04x.manhwaland.land/manga/chica-mala/
  chichi-mamire | Chichi mamire | src: https://04x.manhwaland.land/manga/chichi-mamire/
  chichi-neko-sama-ni-gyouretsu-no-dekiru-soapland | Chichi Neko-sama ni Gyouretsu no Dekiru Soapland | src: https://04x.manhwaland.land/manga/chichi-neko-sama-ni-gyouretsu-no-dekiru-soapland/
  chichi-no-jochuu-shimai | Chichi no Jochuu Shimai | src: https://04x.manhwaland.land/manga/chichi-no-jochuu-shimai/
  chichi-no-ongaeshi | Chichi no Ongaeshi | src: https://04x.manhwaland.land/manga/chichi-no-ongaeshi/
  chichi-shiri-raikou | Chichi Shiri Raikou | src: https://04x.manhwaland.land/manga/chichi-shiri-raikou/
  chichi-shoutaimu | Chichi Shoutaimu! | src: https://04x.manhwaland.land/manga/chichi-shoutaimu/
  chichibukuro-birilliant-park | Chichibukuro Birilliant Park | src: https://04x.manhwaland.land/manga/chichibukuro-birilliant-park/
  chichikage-hanjouki | Chichikage Hanjouki | src: https://04x.manhwaland.land/manga/chichikage-hanjouki/
  chichiku-shimai | Chichiku Shimai | src: https://04x.manhwaland.land/manga/chichiku-shimai/
  chigu-hagu-stride | Chigu Hagu Stride | src: https://04x.manhwaland.land/manga/chigu-hagu-stride/
  chiisana-mama-to-h-na-jijou | Chiisana Mama to H na Jijou | src: https://04x.manhwaland.land/manga/chiisana-mama-to-h-na-jijou/
  chijo-monogatari-bakunyuu-chijukujo-to-doutei-kun | Chijo Monogatari Bakunyuu Chijukujo to Doutei-kun | src: https://04x.manhwaland.land/manga/chijo-monogatari-bakunyuu-chijukujo-to-doutei-kun/
  chijo-rare-tsuma | Chijo Rare Tsuma | src: https://04x.manhwaland.land/manga/chijo-rare-tsuma/
  chijoku-zuma-konna-ni-nurasaretara-mou-gaman-dekinai | Chijoku Zuma ~Konna ni Nurasaretara Mou Gaman Dekinai | src: https://04x.manhwaland.land/manga/chijoku-zuma-konna-ni-nurasaretara-mou-gaman-dekinai/
  chijou-teiahhancock | Chijou TeiahHancock | src: https://04x.manhwaland.land/manga/chijou-teiahhancock/
  chikujo-no-tashinami | Chikujo no Tashinami | src: https://04x.manhwaland.land/manga/chikujo-no-tashinami/
  childhood-bride | Childhood Bride | src: https://04x.manhwaland.land/manga/childhood-bride/
  childhood-friends | Childhood Friends | src: https://04x.manhwaland.land/manga/childhood-friends/
  chinatsus-emotions | Chinatsu’s Emotions | src: https://04x.manhwaland.land/manga/chinatsus-emotions/
  chinese-bellflowers-feelings | Chinese Bellflower's Feelings | src: https://04x.manhwaland.land/manga/chinese-bellflowers-feelings/
  chino-chan-to-oyasumix | Chino-chan to Oyasumix | src: https://04x.manhwaland.land/manga/chino-chan-to-oyasumix/
  chiryou-desu | Chiryou desu | src: https://04x.manhwaland.land/manga/chiryou-desu/
  chishojo-fuuki-iin-no-minna-ni-ienai-inbi-na-onegai | Chishojo Fuuki Iin no Minna ni Ienai Inbi na Onegai | src: https://04x.manhwaland.land/manga/chishojo-fuuki-iin-no-minna-ni-ienai-inbi-na-onegai/
  chiteki-de-cool-na-kouhai-bijo-ore-no-kai-neko-ni-naru | Chiteki de Cool na Kouhai Bijo, Ore no Kai Neko ni naru | src: https://04x.manhwaland.land/manga/chiteki-de-cool-na-kouhai-bijo-ore-no-kai-neko-ni-naru/
  chitsujo-hustle | Chitsujo Hustle! | src: https://04x.manhwaland.land/manga/chitsujo-hustle/
  chitsujo-vacation | Chitsujo Vacation | src: https://04x.manhwaland.land/manga/chitsujo-vacation/
  chiyoko-no-himitsu | Chiyoko no Himitsu | src: https://04x.manhwaland.land/manga/chiyoko-no-himitsu/
  chiyuki-san-no-ecchi-na-satsueikai | Chiyuki-san no Ecchi na Satsueikai | src: https://04x.manhwaland.land/manga/chiyuki-san-no-ecchi-na-satsueikai/
  choppiri-toshiue-demo-kanojo-ni-shite-kuremasu-ka | Choppiri Toshiue Demo Kanojo ni Shite Kuremasu ka? | src: https://04x.manhwaland.land/manga/choppiri-toshiue-demo-kanojo-ni-shite-kuremasu-ka/
  choro-mesu-days | Choro Mesu Days | src: https://04x.manhwaland.land/manga/choro-mesu-days/
  chotto-bijin-de-mune-ga-dekakute-eroi-dake-no-baka-nee | Chotto Bijin de Mune ga Dekakute Eroi dake no Baka Nee | src: https://04x.manhwaland.land/manga/chotto-bijin-de-mune-ga-dekakute-eroi-dake-no-baka-nee/
  chotto-dake-ai-ga-omoi-dark-elf-ga-isekai-kara-oikakete-kita | Chotto dake Ai ga Omoi Dark Elf ga Isekai kara Oikakete Kita | src: https://04x.manhwaland.land/manga/chotto-dake-ai-ga-omoi-dark-elf-ga-isekai-kara-oikakete-kita/
  chotto-dake-kyuukei-shinai---dekachichi-manga | Chotto dake, kyuukei Shinai _ Dekachichi Manga | src: https://04x.manhwaland.land/manga/chotto-dake-kyuukei-shinai---dekachichi-manga/
  chotto-dake-kyuukei-shinai-_-dekachichi-manga | Chotto dake, kyuukei Shinai _ Dekachichi Manga | src: https://04x.manhwaland.land/manga/chotto-dake-kyuukei-shinai-_-dekachichi-manga/
  chou-amaama-ane | Chou Amaama Ane | src: https://04x.manhwaland.land/manga/chou-amaama-ane/
  chou-elite-kou-ni-kakusareta-fuukiiin-seido | Chou Elite Kou ni Kakusareta Fuukiiin Seido | src: https://04x.manhwaland.land/manga/chou-elite-kou-ni-kakusareta-fuukiiin-seido/
  chou-jigen-no-mayura-sensei-houkago-cosplay-seishidou | Chou Jigen no Mayura Sensei Houkago Cosplay Seishidou | src: https://04x.manhwaland.land/manga/chou-jigen-no-mayura-sensei-houkago-cosplay-seishidou/
  chou-one-x-pako%c2%b3 | Chou One x Pako³ | src: https://04x.manhwaland.land/manga/chou-one-x-pako%c2%b3/
  chou-saisentan-kanojo | Chou Saisentan Kanojo | src: https://04x.manhwaland.land/manga/chou-saisentan-kanojo/
  choukyou-ai-2-disciplinary | Choukyou Ai 2 Disciplinary | src: https://04x.manhwaland.land/manga/choukyou-ai-2-disciplinary/
  choukyou-ai-disciplinary-love | Choukyou Ai Disciplinary Love | src: https://04x.manhwaland.land/manga/choukyou-ai-disciplinary-love/
  chounai-furin-yumi | Chounai Furin ~Yumi~ | src: https://04x.manhwaland.land/manga/chounai-furin-yumi/
  christmas-no-yoru-ni | Christmas no Yoru ni | src: https://04x.manhwaland.land/manga/christmas-no-yoru-ni/
  chuusei-to-injoku-no-onna-kishi-wa-osore-ou-no-saya-to-narite | Chuusei to Injoku no Onna Kishi wa Osore Ou no Saya to Narite | src: https://04x.manhwaland.land/manga/chuusei-to-injoku-no-onna-kishi-wa-osore-ou-no-saya-to-narite/
  cigarette-smoke-and-amber-light | Cigarette Smoke and Amber Light | src: https://04x.manhwaland.land/manga/cigarette-smoke-and-amber-light/
  cinderella-cools | CINDERELLA COOLS | src: https://04x.manhwaland.land/manga/cinderella-cools/
  circle-rings | Circle Rings | src: https://04x.manhwaland.land/manga/circle-rings/
  cl-orz-53 | CL-orz 53 | src: https://04x.manhwaland.land/manga/cl-orz-53/
  class-1-shiri-ga-dekai-megane-no-osanajimi-ni-nakadashi-shiro-to-honnou-ga-itte-iru | Class 1 Shiri ga Dekai Megane no Osanajimi ni Nakadashi Shiro to Honnou ga Itte iru | src: https://04x.manhwaland.land/manga/class-1-shiri-ga-dekai-megane-no-osanajimi-ni-nakadashi-shiro-to-honnou-ga-itte-iru/
  class-no-idol-no-karada-o-nottotte-mita | Class no Idol no Karada o Nottotte Mita | src: https://04x.manhwaland.land/manga/class-no-idol-no-karada-o-nottotte-mita/
  class-reunion | Class Reunion | src: https://04x.manhwaland.land/manga/class-reunion/
  cleaning-service | Cleaning Service | src: https://04x.manhwaland.land/manga/cleaning-service/
  cleansing-teacher | Cleansing Teacher | src: https://04x.manhwaland.land/manga/cleansing-teacher/
  clijo-av-kenkyuukai | Clijo AV Kenkyuukai | src: https://04x.manhwaland.land/manga/clijo-av-kenkyuukai/
  climb-me-hard-uncensored | Climb Me Hard! (Uncensored) | src: https://04x.manhwaland.land/manga/climb-me-hard-uncensored/
  close-as-neighbors | Close as Neighbors | src: https://04x.manhwaland.land/manga/close-as-neighbors/
  closet-de-tsukamaete-misshitsu-inran-koubi | Closet de Tsukamaete ~Misshitsu Inran Koubi~ | src: https://04x.manhwaland.land/manga/closet-de-tsukamaete-misshitsu-inran-koubi/
  cloud-retainer-a-test-for-aether | Cloud Retainer A test for Aether | src: https://04x.manhwaland.land/manga/cloud-retainer-a-test-for-aether/
  club-avalon | CLUB AVALON | src: https://04x.manhwaland.land/manga/club-avalon/
  cohabitation-with-my-ex-wife | Cohabitation with My Ex-Wife | src: https://04x.manhwaland.land/manga/cohabitation-with-my-ex-wife/
  comic-mobile-legends | Comic Mobile Legends | src: https://04x.manhwaland.land/manga/comic-mobile-legends/
  commanders-pet | Commander’s Pet | src: https://04x.manhwaland.land/manga/commanders-pet/
  commuting-wife-temptation | Commuting Wife Temptation | src: https://04x.manhwaland.land/manga/commuting-wife-temptation/
  concubine | Concubine | src: https://04x.manhwaland.land/manga/concubine/
  contract-slave | Contract Slave | src: https://04x.manhwaland.land/manga/contract-slave/
  cookies-cream | Cookies & Cream | src: https://04x.manhwaland.land/manga/cookies-cream/
  cooking-pakopako | Cooking Pakopako | src: https://04x.manhwaland.land/manga/cooking-pakopako/
  corruption-obscene-tales | Corruption: Obscene Tales | src: https://04x.manhwaland.land/manga/corruption-obscene-tales/
  cos-lover | COS LOVER | src: https://04x.manhwaland.land/manga/cos-lover/
  cosplay-ga-oyako-ai-no-hiketsa | Cosplay ga oyako ai no hiketsa | src: https://04x.manhwaland.land/manga/cosplay-ga-oyako-ai-no-hiketsa/
  cosplay-shiteiru-toki-wa-hitozuma-de-wa-arimasen | Cosplay Shiteiru Toki wa Hitozuma de wa Arimasen | src: https://04x.manhwaland.land/manga/cosplay-shiteiru-toki-wa-hitozuma-de-wa-arimasen/
  cosplayer-kanojo-ntr-manga | Cosplayer Kanojo NTR Manga | src: https://04x.manhwaland.land/manga/cosplayer-kanojo-ntr-manga/
  cosplayer-no-kanojo-to-event-gaeri-ni-ecchi-suru-hon | Cosplayer no Kanojo to Event Gaeri ni Ecchi suru Hon | src: https://04x.manhwaland.land/manga/cosplayer-no-kanojo-to-event-gaeri-ni-ecchi-suru-hon/
  could-you-please-fuck-my-girlfriend | Could You Please Fuck My Girlfriend | src: https://04x.manhwaland.land/manga/could-you-please-fuck-my-girlfriend/
  country-girl | Country Girl | src: https://04x.manhwaland.land/manga/country-girl/
  cow-cosplay-with-a-curvy-housewife | Cow Cosplay with a Curvy Housewife | src: https://04x.manhwaland.land/manga/cow-cosplay-with-a-curvy-housewife/
  cowgirl-alisa | Cowgirl Alisa | src: https://04x.manhwaland.land/manga/cowgirl-alisa/
  craft-game-no-nouryoku-de-isekai-kouryaku | Craft Game no Nouryoku de Isekai Kouryaku!! | src: https://04x.manhwaland.land/manga/craft-game-no-nouryoku-de-isekai-kouryaku/
  craft-orgasm | Craft Orgasm | src: https://04x.manhwaland.land/manga/craft-orgasm/
  craving | Craving | src: https://04x.manhwaland.land/manga/craving/
  cryogenic-dreamer | CRYOGENIC DREAMER | src: https://04x.manhwaland.land/manga/cryogenic-dreamer/
  cucked-by-the-coach | Cucked by the Coach | src: https://04x.manhwaland.land/manga/cucked-by-the-coach/
  cucked-with-my-consent | Cucked With My Consent | src: https://04x.manhwaland.land/manga/cucked-with-my-consent/
  cuckold-wife | Cuckold Wife | src: https://04x.manhwaland.land/manga/cuckold-wife/
  cum-in-new-employee | Cum in New Employee | src: https://04x.manhwaland.land/manga/cum-in-new-employee/
  cute-girl-the-american | CUTE GIRL! THE AMERICAN! | src: https://04x.manhwaland.land/manga/cute-girl-the-american/
  daddy-nursery-teacher-try-their-best | Daddy & Nursery Teacher Try Their Best | src: https://04x.manhwaland.land/manga/daddy-nursery-teacher-try-their-best/
  daddy-long-legs | Daddy Long Legs | src: https://04x.manhwaland.land/manga/daddy-long-legs/
  daddy-in-law | Daddy-in-Law | src: https://04x.manhwaland.land/manga/daddy-in-law/
  dai-wa-jk-o-kaneru-better-taller-than-smaller | Dai wa JK o Kaneru Better Taller Than Smaller | src: https://04x.manhwaland.land/manga/dai-wa-jk-o-kaneru-better-taller-than-smaller/
  daijizen-no-mahoutsukai-ashuto-sutareta-ryouchi-de-slow-life | Daijizen no Mahoutsukai Ashuto, Sutareta Ryouchi de Slow Life | src: https://04x.manhwaland.land/manga/daijizen-no-mahoutsukai-ashuto-sutareta-ryouchi-de-slow-life/
  dain-kazoku-falling-lewd-family | Dain Kazoku – Falling Lewd Family | src: https://04x.manhwaland.land/manga/dain-kazoku-falling-lewd-family/
  daitai-nandemo-shite-kureru-kaji-daikou-no-yurie-san | Daitai Nandemo Shite kureru Kaji Daikou no Yurie-san | src: https://04x.manhwaland.land/manga/daitai-nandemo-shite-kureru-kaji-daikou-no-yurie-san/
  dakigokochi-ga-ii-yankee-na-oba | Dakigokochi ga Ii Yankee na Oba | src: https://04x.manhwaland.land/manga/dakigokochi-ga-ii-yankee-na-oba/
  dakuon | Dakuon | src: https://04x.manhwaland.land/manga/dakuon/
  dakuon-jujutsu-saimin | Dakuon -Jujutsu Saimin- | src: https://04x.manhwaland.land/manga/dakuon-jujutsu-saimin/
  damegami-sama-no-succubus-beit | Damegami-sama no Succubus Beit! | src: https://04x.manhwaland.land/manga/damegami-sama-no-succubus-beit/
  dance-departments-female-sunbaes | Dance Department’s Female Sunbaes | src: https://04x.manhwaland.land/manga/dance-departments-female-sunbaes/
  dangerous-wife | Dangerous Wife | src: https://04x.manhwaland.land/manga/dangerous-wife/
  danin-ayame | Danin Ayame | src: https://04x.manhwaland.land/manga/danin-ayame/
  dankeschon | DANKE+SCHON | src: https://04x.manhwaland.land/manga/dankeschon/
  dankon-sousai-hitozuma-kyoushi-ga-netorareru-made-no-kiroku | Dankon Sousai -Hitozuma Kyoushi ga Netorareru made no Kiroku | src: https://04x.manhwaland.land/manga/dankon-sousai-hitozuma-kyoushi-ga-netorareru-made-no-kiroku/
  daraku-mesu-tachi-no-shoufu-nisshi | Daraku Mesu-tachi no Shoufu Nisshi | src: https://04x.manhwaland.land/manga/daraku-mesu-tachi-no-shoufu-nisshi/
  daraku-no-oukyuu | Daraku no Oukyuu | src: https://04x.manhwaland.land/manga/daraku-no-oukyuu/
  dare | Dare | src: https://04x.manhwaland.land/manga/dare/
  dare-mo-okite-wa-naranu | Dare mo Okite wa Naranu | src: https://04x.manhwaland.land/manga/dare-mo-okite-wa-naranu/
  dare-mo-ore-ni-ki-ga-tsukanai | Dare mo Ore ni Ki ga Tsukanai | src: https://04x.manhwaland.land/manga/dare-mo-ore-ni-ki-ga-tsukanai/
  darkness-san-ni-senaka-o-nagashite-morau-hon | Darkness-san ni Senaka o Nagashite morau Hon | src: https://04x.manhwaland.land/manga/darkness-san-ni-senaka-o-nagashite-morau-hon/
  daseiism | Daseiism | src: https://04x.manhwaland.land/manga/daseiism/
  dating-the-kind-of-girl-you-shouldnt-get-involved-with | Dating The Kind of Girl You Shouldn’t Get Involved With | src: https://04x.manhwaland.land/manga/dating-the-kind-of-girl-you-shouldnt-get-involved-with/
  daytime-face-nighttime-face | Daytime Face, Nighttime Face | src: https://04x.manhwaland.land/manga/daytime-face-nighttime-face/
  deadpool-samurai | Deadpool: Samurai | src: https://04x.manhwaland.land/manga/deadpool-samurai/
  dear-saren | Dear Saren | src: https://04x.manhwaland.land/manga/dear-saren/
  dear-sir-ive-been-discovered | Dear Sir, I’ve Been Discovered | src: https://04x.manhwaland.land/manga/dear-sir-ive-been-discovered/
  deceived-jk | Deceived JK | src: https://04x.manhwaland.land/manga/deceived-jk/
  deep-relationship | Deep Relationship | src: https://04x.manhwaland.land/manga/deep-relationship/
  defense-line | Defense Line! | src: https://04x.manhwaland.land/manga/defense-line/
  deisui-chijo-mama | Deisui Chijo Mama | src: https://04x.manhwaland.land/manga/deisui-chijo-mama/
  deka-mellow-monogatari-seidorei-no-angelica | Deka Mellow Monogatari ~Seidorei no Angelica~ | src: https://04x.manhwaland.land/manga/deka-mellow-monogatari-seidorei-no-angelica/
  dekai-osananajimi-tachi-ni-hasamarete-ase-daku-harem-ecchi | Dekai Osananajimi-tachi ni Hasamarete Ase Daku Harem Ecchi | src: https://04x.manhwaland.land/manga/dekai-osananajimi-tachi-ni-hasamarete-ase-daku-harem-ecchi/
  dekapai-ol-netorare-bibouroku | Dekapai OL Netorare Bibouroku | src: https://04x.manhwaland.land/manga/dekapai-ol-netorare-bibouroku/
  deki-mama-kyouiku-mama-ga-issen-o-koete-shimau-made | Deki Mama ~Kyouiku Mama ga Issen o Koete shimau made~ | src: https://04x.manhwaland.land/manga/deki-mama-kyouiku-mama-ga-issen-o-koete-shimau-made/
  dekiwaku-no-kaori | Dekiwaku no Kaori | src: https://04x.manhwaland.land/manga/dekiwaku-no-kaori/
  dekoboko-love-plus | Dekoboko Love Plus! | src: https://04x.manhwaland.land/manga/dekoboko-love-plus/
  delivery | Delivery | src: https://04x.manhwaland.land/manga/delivery/
  delivery-milf-aunt-episod | Delivery Milf Aunt Episod | src: https://04x.manhwaland.land/manga/delivery-milf-aunt-episod/
  delivery-milf-friend-mom-episod | Delivery Milf Friend Mom Episod | src: https://04x.manhwaland.land/manga/delivery-milf-friend-mom-episod/
  delivery-sex | Delivery Sex | src: https://04x.manhwaland.land/manga/delivery-sex/
  delphinium-madonna | Delphinium Madonna | src: https://04x.manhwaland.land/manga/delphinium-madonna/
  delusional-diary | Delusional Diary | src: https://04x.manhwaland.land/manga/delusional-diary/
  dense-summer-firstlove | Dense summer firstlove | src: https://04x.manhwaland.land/manga/dense-summer-firstlove/
  department-store-ladies | Department Store Ladies | src: https://04x.manhwaland.land/manga/department-store-ladies/
  desire-realization-application | Desire Realization Application | src: https://04x.manhwaland.land/manga/desire-realization-application/
  desire-to-kill | Desire to Kill | src: https://04x.manhwaland.land/manga/desire-to-kill/
  desperate-housewives | Desperate Housewives | src: https://04x.manhwaland.land/manga/desperate-housewives/
  dessert-syndrome | Dessert Syndrome | src: https://04x.manhwaland.land/manga/dessert-syndrome/
  detective-anzu | Detective Anzu | src: https://04x.manhwaland.land/manga/detective-anzu/
  deviant-diary | Deviant Diary | src: https://04x.manhwaland.land/manga/deviant-diary/
  devil-cherry-pie | Devil Cherry Pie | src: https://04x.manhwaland.land/manga/devil-cherry-pie/
  devilish-student | Devilish Student | src: https://04x.manhwaland.land/manga/devilish-student/
  devout | Devout | src: https://04x.manhwaland.land/manga/devout/
  dial-d-for-debaucher | Dial D for Debaucher | src: https://04x.manhwaland.land/manga/dial-d-for-debaucher/
  director-next-door | Director Next Door | src: https://04x.manhwaland.land/manga/director-next-door/
  dirty-docking | Dirty Docking | src: https://04x.manhwaland.land/manga/dirty-docking/
  dirty-talk | Dirty Talk | src: https://04x.manhwaland.land/manga/dirty-talk/
  disciplinary-love-3 | Disciplinary Love 3 | src: https://04x.manhwaland.land/manga/disciplinary-love-3/
  discipline-filming | Discipline Filming | src: https://04x.manhwaland.land/manga/discipline-filming/
  djeeta-zakari | Djeeta-zakari | src: https://04x.manhwaland.land/manga/djeeta-zakari/
  dlo | DLO | src: https://04x.manhwaland.land/manga/dlo/
  do-you-like-slutty-gyarus | Do You Like Slutty Gyarus? | src: https://04x.manhwaland.land/manga/do-you-like-slutty-gyarus/
  do-s-yankee-jk-to-do-m-hentai-teacher | Do-S Yankee JK to Do-M Hentai Teacher | src: https://04x.manhwaland.land/manga/do-s-yankee-jk-to-do-m-hentai-teacher/
  doero-de-bitch-na-kanojo-tachi-to-namahame-yarihoudai | Doero de Bitch na Kanojo-tachi to Namahame Yarihoudai! | src: https://04x.manhwaland.land/manga/doero-de-bitch-na-kanojo-tachi-to-namahame-yarihoudai/
  dog-on-patrol | Dog on Patrol | src: https://04x.manhwaland.land/manga/dog-on-patrol/
  dogeza-de-tanondemita | Dogeza de Tanondemita | src: https://04x.manhwaland.land/manga/dogeza-de-tanondemita/
  dohamari-mama-musuko-no-shinyuu-to-yaritai-mesu | Dohamari Mama ~Musuko no Shinyuu to Yaritai Mesu~ | src: https://04x.manhwaland.land/manga/dohamari-mama-musuko-no-shinyuu-to-yaritai-mesu/
  doki-doki-connection | Doki Doki Connection | src: https://04x.manhwaland.land/manga/doki-doki-connection/
  dokidoki-chounaikai | Dokidoki Chounaikai | src: https://04x.manhwaland.land/manga/dokidoki-chounaikai/
  dokidoki-eizou-enkyuu-bu | Dokidoki Eizou Enkyuu-bu | src: https://04x.manhwaland.land/manga/dokidoki-eizou-enkyuu-bu/
  dokidoki-kyouiku-mama | Dokidoki Kyouiku Mama | src: https://04x.manhwaland.land/manga/dokidoki-kyouiku-mama/
  dokodemo-mama | Dokodemo Mama | src: https://04x.manhwaland.land/manga/dokodemo-mama/
  dokyuu-hentai-hxeros | Dokyuu Hentai HxEros | src: https://04x.manhwaland.land/manga/dokyuu-hentai-hxeros/
  dola-sama-to-erogaki | Dola-sama to Erogaki | src: https://04x.manhwaland.land/manga/dola-sama-to-erogaki/
  doll-muchi-na-jinzou-otome-tachi | Doll Muchi na Jinzou Otome-tachi | src: https://04x.manhwaland.land/manga/doll-muchi-na-jinzou-otome-tachi/
  dominating-my-lady | Dominating My Lady! | src: https://04x.manhwaland.land/manga/dominating-my-lady/
  dont-panic | Don’t Panic | src: https://04x.manhwaland.land/manga/dont-panic/
  dont-stop-adachi-sensei | Don't Stop Adachi-sensei | src: https://04x.manhwaland.land/manga/dont-stop-adachi-sensei/
  doppelganger-female-friends | Doppelganger Female Friends | src: https://04x.manhwaland.land/manga/doppelganger-female-friends/
  dopyu-dopyu-of-the-dead-kouhen | Dopyu-Dopyu of The Dead Kouhen | src: https://04x.manhwaland.land/manga/dopyu-dopyu-of-the-dead-kouhen/
  dopyu-marugoto-ninshin-shojyo-darake-no-konyoku-onsen | Dopyu! Marugoto Ninshin Shojyo darake no Konyoku Onsen | src: https://04x.manhwaland.land/manga/dopyu-marugoto-ninshin-shojyo-darake-no-konyoku-onsen/
  dorei-senshi-no-isekai-taneuma-seikatsu-%e3%80%9c-mahou-mo-bujutsu-mo-saikyou-dashi-harem-made-%e3%80%9c | Dorei Senshi no Isekai Taneuma Seikatsu 〜 Mahou mo Bujutsu mo Saikyou dashi Harem made! 〜 | src: https://04x.manhwaland.land/manga/dorei-senshi-no-isekai-taneuma-seikatsu-%e3%80%9c-mahou-mo-bujutsu-mo-saikyou-dashi-harem-made-%e3%80%9c/
  dosukebe-enkou-gal-no-naisho-ecchi | Dosukebe Enkou Gal no Naisho Ecchi | src: https://04x.manhwaland.land/manga/dosukebe-enkou-gal-no-naisho-ecchi/
  dosukebe-hisho-koyanskaya | Dosukebe Hisho Koyanskaya | src: https://04x.manhwaland.land/manga/dosukebe-hisho-koyanskaya/
  dosukebe-jukujo-maou-ga-wana-ni-hamatta-no-de-tanetsukeshitemita | Dosukebe Jukujo Maou ga Wana ni Hamatta no de Tanetsukeshitemita | src: https://04x.manhwaland.land/manga/dosukebe-jukujo-maou-ga-wana-ni-hamatta-no-de-tanetsukeshitemita/
  dosukebe-kaseifu-netori-seikatsu | Dosukebe Kaseifu Netori Seikatsu | src: https://04x.manhwaland.land/manga/dosukebe-kaseifu-netori-seikatsu/
  dosukebe-kyonyuu-jc-ga-kounai-onanie-suru-hanashi | Dosukebe Kyonyuu JC ga Kounai Onanie Suru Hanashi | src: https://04x.manhwaland.land/manga/dosukebe-kyonyuu-jc-ga-kounai-onanie-suru-hanashi/
  dosukebe-oba-san-to-futarigurashi | Dosukebe Oba-san to Futarigurashi | src: https://04x.manhwaland.land/manga/dosukebe-oba-san-to-futarigurashi/
  dosukebe-okami-jochuu-no-omotenashi-seiyoku-dadamore-jukure-muchi-ero-mesu-x-2-no-chinpo-toriai-dogehin-gohou-shi | Dosukebe Okami & Jochuu no Omotenashi ~ Seiyoku Dadamore Jukure Muchi Ero Mesu x 2 no Chinpo Toriai Dogehin Gohou shi | src: https://04x.manhwaland.land/manga/dosukebe-okami-jochuu-no-omotenashi-seiyoku-dadamore-jukure-muchi-ero-mesu-x-2-no-chinpo-toriai-dogehin-gohou-shi/
  dosukebe-sauna-e-youkoso | Dosukebe Sauna e Youkoso! | src: https://04x.manhwaland.land/manga/dosukebe-sauna-e-youkoso/
  dosukebe-seikou-fuuki-iinchou | Dosukebe Seikou Fuuki Iinchou | src: https://04x.manhwaland.land/manga/dosukebe-seikou-fuuki-iinchou/
  dosukebe-sister-to-mayoeru-kohitsuji | Dosukebe Sister to Mayoeru Kohitsuji | src: https://04x.manhwaland.land/manga/dosukebe-sister-to-mayoeru-kohitsuji/
  dou-ka-ore-wo-houtte-oitekure | Dou ka Ore wo Houtte Oitekure | src: https://04x.manhwaland.land/manga/dou-ka-ore-wo-houtte-oitekure/
  double-trouble-muldeok | Double Trouble (Muldeok) | src: https://04x.manhwaland.land/manga/double-trouble-muldeok/
  doujin-raiden-ei | Doujin Raiden Ei | src: https://04x.manhwaland.land/manga/doujin-raiden-ei/
  doukyo-suru-neneki | Doukyo Suru Neneki | src: https://04x.manhwaland.land/manga/doukyo-suru-neneki/
  doukyuusei-no-okaa-san | Doukyuusei no Okaa-san | src: https://04x.manhwaland.land/manga/doukyuusei-no-okaa-san/
  dousei-kanojo-to-asa-made-tsuyudaku-hametaoshi | Dousei Kanojo to Asa made Tsuyudaku Hametaoshi | src: https://04x.manhwaland.land/manga/dousei-kanojo-to-asa-made-tsuyudaku-hametaoshi/
  doutei-gui-pa-san | Doutei Gui PA-san | src: https://04x.manhwaland.land/manga/doutei-gui-pa-san/
  doutei-kara-hajimeru-dekamara-seikatsu | Doutei kara Hajimeru Dekamara Seikatsu | src: https://04x.manhwaland.land/manga/doutei-kara-hajimeru-dekamara-seikatsu/
  douyara-boku-no-hanayome-wa-onna-kishidan-na-you-de | Douyara Boku no Hanayome wa Onna Kishidan na you de. | src: https://04x.manhwaland.land/manga/douyara-boku-no-hanayome-wa-onna-kishidan-na-you-de/
  down-to-fuck-horny-and-busty | Down to Fuck: Horny and Busty | src: https://04x.manhwaland.land/manga/down-to-fuck-horny-and-busty/
  downstairs-lady | Downstairs Lady | src: https://04x.manhwaland.land/manga/downstairs-lady/
  dra-sexual | Dra. Sexual | src: https://04x.manhwaland.land/manga/dra-sexual/
  drache-freund | Drache Freund | src: https://04x.manhwaland.land/manga/drache-freund/
  dragon-fuck | DRAGON FUCK! | src: https://04x.manhwaland.land/manga/dragon-fuck/
  dragon-girl | Dragon Girl | src: https://04x.manhwaland.land/manga/dragon-girl/
  dragonball-h-bessatsu-soushuuhen | DRAGONBALL H Bessatsu Soushuuhen | src: https://04x.manhwaland.land/manga/dragonball-h-bessatsu-soushuuhen/
  dream-dust-box | Dream Dust Box! | src: https://04x.manhwaland.land/manga/dream-dust-box/
  driver-in-the-new-city | Driver in the New City | src: https://04x.manhwaland.land/manga/driver-in-the-new-city/
  drug-candy | Drug Candy | src: https://04x.manhwaland.land/manga/drug-candy/
  drunk-mother | Drunk Mother | src: https://04x.manhwaland.land/manga/drunk-mother/
  drunk-on-you-uncen | Drunk on You Uncen | src: https://04x.manhwaland.land/manga/drunk-on-you-uncen/
  drunk-sisters-wanna-fuck | Drunk Sisters Wanna Fuck | src: https://04x.manhwaland.land/manga/drunk-sisters-wanna-fuck/
  drunken-haze | Drunken Haze | src: https://04x.manhwaland.land/manga/drunken-haze/
  dtf-plain | DTF & Plain | src: https://04x.manhwaland.land/manga/dtf-plain/
  dumped | Dumped | src: https://04x.manhwaland.land/manga/dumped/
  dungeon-ni-mo-ikazu-sex-zanmai-no-hibi-wa-machigatteiru-darou-ka | Dungeon ni mo Ikazu Sex Zanmai no Hibi wa Machigatteiru Darou ka | src: https://04x.manhwaland.land/manga/dungeon-ni-mo-ikazu-sex-zanmai-no-hibi-wa-machigatteiru-darou-ka/
  each-building-has-its-own-concept | Each Building Has Its Own Concept | src: https://04x.manhwaland.land/manga/each-building-has-its-own-concept/
  ebinyanyanya | Ebinyanyanya! | src: https://04x.manhwaland.land/manga/ebinyanyanya/
  ecchi-na-gal-jk-ni-iyasaretai-yatsu | Ecchi na Gal JK ni Iyasaretai Yatsu | src: https://04x.manhwaland.land/manga/ecchi-na-gal-jk-ni-iyasaretai-yatsu/
  ecchi-na-imouto-to-shintai-koukan | Ecchi na Imouto to Shintai Koukan | src: https://04x.manhwaland.land/manga/ecchi-na-imouto-to-shintai-koukan/
  ecchi-na-onee-san-wa-suki-desu-ka | Ecchi na Onee-san wa, Suki desu ka | src: https://04x.manhwaland.land/manga/ecchi-na-onee-san-wa-suki-desu-ka/
  ecchi-tokidoki-obenkyou | Ecchi Tokidoki Obenkyou | src: https://04x.manhwaland.land/manga/ecchi-tokidoki-obenkyou/
  echi-echi-kouhai-chan | Echi Echi Kouhai-chan! | src: https://04x.manhwaland.land/manga/echi-echi-kouhai-chan/
  egao-no-tsukurikata | Egao no Tsukurikata | src: https://04x.manhwaland.land/manga/egao-no-tsukurikata/
  eigyou-saki-no-yuuko-san | Eigyou saki no Yuuko-san | src: https://04x.manhwaland.land/manga/eigyou-saki-no-yuuko-san/
  eirin-ga-oppai-o-ijiraremakutte-p-cup-ni-naru-made-no-hanashi | Eirin ga Oppai o Ijiraremakutte P-Cup ni Naru made no Hanashi | src: https://04x.manhwaland.land/manga/eirin-ga-oppai-o-ijiraremakutte-p-cup-ni-naru-made-no-hanashi/
  eiyuu-kyoushitsu | Eiyuu Kyoushitsu | src: https://04x.manhwaland.land/manga/eiyuu-kyoushitsu/
  elf-harem-academia | Elf Harem Academia | src: https://04x.manhwaland.land/manga/elf-harem-academia/
  elf-harem-monogatari | Elf Harem Monogatari | src: https://04x.manhwaland.land/manga/elf-harem-monogatari/
  elf-mama-san-no-manga | Elf Mama-San no manga | src: https://04x.manhwaland.land/manga/elf-mama-san-no-manga/
  elf-ni-inmon-o-tsukeru-hon-level-2 | Elf ni Inmon o Tsukeru Hon LEVEL_2 | src: https://04x.manhwaland.land/manga/elf-ni-inmon-o-tsukeru-hon-level_2/
  elf-san-kako-hen | Elf-san Kako-hen | src: https://04x.manhwaland.land/manga/elf-san-kako-hen/
  elfin-quest-goblin-haiboku-hen | ELFIN QUEST Goblin Haiboku Hen | src: https://04x.manhwaland.land/manga/elfin-quest-goblin-haiboku-hen/
  elfin-quest-maid-saimin-ryoujoku-hen | ELFIN QUEST Maid Saimin Ryoujoku Hen | src: https://04x.manhwaland.land/manga/elfin-quest-maid-saimin-ryoujoku-hen/
  emergence | Emergence | src: https://04x.manhwaland.land/manga/emergence/
  emergency-exorcist-training | Emergency Exorcist Training | src: https://04x.manhwaland.land/manga/emergency-exorcist-training/
  empire-hard-core | Empire Hard Core | src: https://04x.manhwaland.land/manga/empire-hard-core/
  encounter-16-years-ago | Encounter 16 Years Ago | src: https://04x.manhwaland.land/manga/encounter-16-years-ago/
  endless-love | Endless Love | src: https://04x.manhwaland.land/manga/endless-love/
  enjo-kouhai | Enjo Kouhai | src: https://04x.manhwaland.land/manga/enjo-kouhai/
  enlistment-countdown | Enlistment Countdown | src: https://04x.manhwaland.land/manga/enlistment-countdown/
  enmusubi-no-okeke | Enmusubi no Okeke | src: https://04x.manhwaland.land/manga/enmusubi-no-okeke/
  enterprise-no-keibo | Enterprise no Keibo | src: https://04x.manhwaland.land/manga/enterprise-no-keibo/
  entrance-exam-sleepover | Entrance Exam Sleepover | src: https://04x.manhwaland.land/manga/entrance-exam-sleepover/
  enzai | Enzai | src: https://04x.manhwaland.land/manga/enzai/
  erabarenakatta-hou-no-ko | Erabarenakatta Hou no Ko | src: https://04x.manhwaland.land/manga/erabarenakatta-hou-no-ko/
  erika-sama-no-saimin-kaihatsu | Erika-sama no Saimin Kaihatsu | src: https://04x.manhwaland.land/manga/erika-sama-no-saimin-kaihatsu/
  eris-ntr | Eris NTR | src: https://04x.manhwaland.land/manga/eris-ntr/
  ero-ero-massage | Ero-ero Massage | src: https://04x.manhwaland.land/manga/ero-ero-massage/
  ero-the-princess-submits | Ero: The Princess Submits | src: https://04x.manhwaland.land/manga/ero-the-princess-submits/
  eroge-yattetara-isekai-ni-tensei-shita-no-de-bishoujo-maou-o-doreika-suru | Eroge Yattetara Isekai ni Tensei shita no de Bishoujo Maou o Doreika suru | src: https://04x.manhwaland.land/manga/eroge-yattetara-isekai-ni-tensei-shita-no-de-bishoujo-maou-o-doreika-suru/
  eroing-witch | Eroing Witch | src: https://04x.manhwaland.land/manga/eroing-witch/
  eromanko-sensei | Eromanko-sensei | src: https://04x.manhwaland.land/manga/eromanko-sensei/
  erotic-sensuality-and-perception | Erotic Sensuality and Perception | src: https://04x.manhwaland.land/manga/erotic-sensuality-and-perception/
  escape-artist-ni-yoroshiku-5 | Escape Artist ni Yoroshiku 5 | src: https://04x.manhwaland.land/manga/escape-artist-ni-yoroshiku-5/
  escape-benkyoukai | Escape Benkyoukai | src: https://04x.manhwaland.land/manga/escape-benkyoukai/
  escape-virgin | Escape Virgin | src: https://04x.manhwaland.land/manga/escape-virgin/
  eunhas-advice | Eunha's Advice | src: https://04x.manhwaland.land/manga/eunhas-advice/
  even | Even | src: https://04x.manhwaland.land/manga/even/
  even-hasshaku-sama-is-affected-by-the-legendary-succubus-app | Even Hasshaku-Sama is Affected by the Legendary Succubus App | src: https://04x.manhwaland.land/manga/even-hasshaku-sama-is-affected-by-the-legendary-succubus-app/
  even-the-captain-knight-miss-elf-wants-to-be-a-maiden | Even the Captain Knight, Miss Elf, Wants to be a Maiden | src: https://04x.manhwaland.land/manga/even-the-captain-knight-miss-elf-wants-to-be-a-maiden/
  even-while-drunk | Even While Drunk | src: https://04x.manhwaland.land/manga/even-while-drunk/
  everlasting-summer-island | Everlasting Summer Island | src: https://04x.manhwaland.land/manga/everlasting-summer-island/
  every-girlfriend-has-her-secrets | Every Girlfriend Has Her Secrets | src: https://04x.manhwaland.land/manga/every-girlfriend-has-her-secrets/
  everything-is-agreed-upon | Everything Is Agreed Upon | src: https://04x.manhwaland.land/manga/everything-is-agreed-upon/
  exchange | Exchange | src: https://04x.manhwaland.land/manga/exchange/
  exclusice-contract | Exclusice Contract | src: https://04x.manhwaland.land/manga/exclusice-contract/
  extrasensual-perception | Extrasensual Perception? | src: https://04x.manhwaland.land/manga/extrasensual-perception/
  f-nerd-color | F-Nerd Color | src: https://04x.manhwaland.land/manga/f-nerd-color/
  f-nerd-extreme | F-NERD EXTREME | src: https://04x.manhwaland.land/manga/f-nerd-extreme/
  fairy-seed | Fairy SEED | src: https://04x.manhwaland.land/manga/fairy-seed/
  faithless-wife-fumino | Faithless Wife – Fumino | src: https://04x.manhwaland.land/manga/faithless-wife-fumino/
  fallen-oni | Fallen Oni | src: https://04x.manhwaland.land/manga/fallen-oni/
  falling-for-the-neighborhood-creep | Falling for the Neighborhood Creep | src: https://04x.manhwaland.land/manga/falling-for-the-neighborhood-creep/
  family-adjustments | Family Adjustments | src: https://04x.manhwaland.land/manga/family-adjustments/
  family-control | Family Control | src: https://04x.manhwaland.land/manga/family-control/
  family-tree | Family Tree | src: https://04x.manhwaland.land/manga/family-tree/
  family-with-benefits | Family with Benefits | src: https://04x.manhwaland.land/manga/family-with-benefits/
  farah-is-my-sexfriend | Farah Is My Sexfriend | src: https://04x.manhwaland.land/manga/farah-is-my-sexfriend/
  farming-with-girls | Farming With Girls | src: https://04x.manhwaland.land/manga/farming-with-girls/
  fast-food | Fast Food | src: https://04x.manhwaland.land/manga/fast-food/
  fatal-woman | Fatal Woman | src: https://04x.manhwaland.land/manga/fatal-woman/
  fathers-lust | Father’s Lust | src: https://04x.manhwaland.land/manga/fathers-lust/
  fave-gyaru-devotion | Fave Gyaru Devotion | src: https://04x.manhwaland.land/manga/fave-gyaru-devotion/
  fellatio-kenkyuubu | Fellatio Kenkyuubu | src: https://04x.manhwaland.land/manga/fellatio-kenkyuubu/
  female-recruit-training-corps | Female Recruit Training Corps | src: https://04x.manhwaland.land/manga/female-recruit-training-corps/
  filming-adult-videos-in-another-world | Filming Adult Videos in Another World | src: https://04x.manhwaland.land/manga/filming-adult-videos-in-another-world/
  fina-chan-to-himitsu-no | Fina-chan to Himitsu no | src: https://04x.manhwaland.land/manga/fina-chan-to-himitsu-no/
  finding-a-husband-in-the-champs-elysees | Finding a Husband in the Champs-Elysees! | src: https://04x.manhwaland.land/manga/finding-a-husband-in-the-champs-elysees/
  finding-assistant-manager-kim | Finding Assistant Manager Kim | src: https://04x.manhwaland.land/manga/finding-assistant-manager-kim/
  first-time-with-my-wife-again | First Time With My Wife (Again) | src: https://04x.manhwaland.land/manga/first-time-with-my-wife-again/
  fitness-g-ho | Fitness (G.HO) | src: https://04x.manhwaland.land/manga/fitness-g-ho/
  flesh-and-money | Flesh and Money | src: https://04x.manhwaland.land/manga/flesh-and-money/
  floriography | Floriography | src: https://04x.manhwaland.land/manga/floriography/
  fooling-around-with-my-lil-sis-in-law | Fooling Around With My lil Sis-in-law | src: https://04x.manhwaland.land/manga/fooling-around-with-my-lil-sis-in-law/
  fooling-around-with-my-little-sister-friend | Fooling Around With My Little Sister Friend | src: https://04x.manhwaland.land/manga/fooling-around-with-my-little-sister-friend/
  fourteen-plus | Fourteen Plus | src: https://04x.manhwaland.land/manga/fourteen-plus/
  foxy | Foxy | src: https://04x.manhwaland.land/manga/foxy/
  freshman | Freshman | src: https://04x.manhwaland.land/manga/freshman/
  friend-no-raikou-mama-to-h-suru-hon | Friend no Raikou Mama to H suru Hon | src: https://04x.manhwaland.land/manga/friend-no-raikou-mama-to-h-suru-hon/
  friends | Friends | src: https://04x.manhwaland.land/manga/friends/
  friends-atz | Friends (ATZ) | src: https://04x.manhwaland.land/manga/friends-atz/
  friends-or-f-buddies | Friends or F-Buddies? | src: https://04x.manhwaland.land/manga/friends-or-f-buddies/
  friends-with-secret | Friends With Secret | src: https://04x.manhwaland.land/manga/friends-with-secret/
  friends-with-secrets | Friends With Secrets | src: https://04x.manhwaland.land/manga/friends-with-secrets/
  from-gang-leader-to-happy-wife-to-cum-dumpster | From Gang Leader, to Happy Wife, to Cum Dumpster! | src: https://04x.manhwaland.land/manga/from-gang-leader-to-happy-wife-to-cum-dumpster/
  from-pauper-to-prince | From Pauper to Prince | src: https://04x.manhwaland.land/manga/from-pauper-to-prince/
  from-public-health-nurse-to-public-use-fucktoy | From Public Health Nurse to Public-Use Fucktoy | src: https://04x.manhwaland.land/manga/from-public-health-nurse-to-public-use-fucktoy/
  from-weakling-to-nemesis | From Weakling to Nemesis | src: https://04x.manhwaland.land/manga/from-weakling-to-nemesis/
  fruitless | Fruitless | src: https://04x.manhwaland.land/manga/fruitless/
  fuchou-no-kenshin-sakusei-treatment | Fuchou no Kenshin Sakusei Treatment | src: https://04x.manhwaland.land/manga/fuchou-no-kenshin-sakusei-treatment/
  fuck-buddies-with-his-girlfriends-sister | Fuck Buddies With His Girlfriend’s Sister | src: https://04x.manhwaland.land/manga/fuck-buddies-with-his-girlfriends-sister/
  fuck-buddies-with-miss-prim-and-proper | Fuck Buddies with Miss Prim and Proper | src: https://04x.manhwaland.land/manga/fuck-buddies-with-miss-prim-and-proper/
  fuck-or-die | Fuck-or-Die | src: https://04x.manhwaland.land/manga/fuck-or-die/
  fukinshin-soukan-no-onna | Fukinshin Soukan no Onna | src: https://04x.manhwaland.land/manga/fukinshin-soukan-no-onna/
  fukkatsu-uwaki-no-megami | Fukkatsu! Uwaki no Megami | src: https://04x.manhwaland.land/manga/fukkatsu-uwaki-no-megami/
  fukuda-house | Fukuda House | src: https://04x.manhwaland.land/manga/fukuda-house/
  fukujuu-sasete | Fukujuu Sasete | src: https://04x.manhwaland.land/manga/fukujuu-sasete/
  fukuro-otoko-hitozuma-tachi-no-himitsu-no-vibe | Fukuro Otoko – Hitozuma-tachi no Himitsu no Vibe | src: https://04x.manhwaland.land/manga/fukuro-otoko-hitozuma-tachi-no-himitsu-no-vibe/
  fukushuu-wa-mitsutsubo-no-aji | Fukushuu wa Mitsutsubo no Aji | src: https://04x.manhwaland.land/manga/fukushuu-wa-mitsutsubo-no-aji/
  fulfilling-secretarial-dirty-duties | Fulfilling Secretarial Dirty Duties | src: https://04x.manhwaland.land/manga/fulfilling-secretarial-dirty-duties/
  full-hole-trust-maiden | Full Hole! Trust Maiden | src: https://04x.manhwaland.land/manga/full-hole-trust-maiden/
  fun-on-friday | Fun On Friday | src: https://04x.manhwaland.land/manga/fun-on-friday/
  funny-boned-how-to-get-ahead-in-showbiz | Funny Boned: How to Get Ahead in Showbiz | src: https://04x.manhwaland.land/manga/funny-boned-how-to-get-ahead-in-showbiz/
  furusato-nousei | Furusato Nousei | src: https://04x.manhwaland.land/manga/furusato-nousei/
  fushidara-musukoyome-no-gifuijiri | Fushidara Musukoyome no Gifuijiri | src: https://04x.manhwaland.land/manga/fushidara-musukoyome-no-gifuijiri/
  fushigi-no-kuni-no-arisu | Fushigi no Kuni no Arisu | src: https://04x.manhwaland.land/manga/fushigi-no-kuni-no-arisu/
  futabo | Futabo | src: https://04x.manhwaland.land/manga/futabo/
  futari-dake-no-denki-shingou | Futari Dake no Denki Shingou | src: https://04x.manhwaland.land/manga/futari-dake-no-denki-shingou/
  futari-no-hi | Futari no Hi | src: https://04x.manhwaland.land/manga/futari-no-hi/
  futari-no-yoru | Futari no Yoru | src: https://04x.manhwaland.land/manga/futari-no-yoru/
  futei-tsuma-minako-no-uraaka-koubiroku | Futei Tsuma Minako no Uraaka Koubiroku | src: https://04x.manhwaland.land/manga/futei-tsuma-minako-no-uraaka-koubiroku/
  futeki-na-chikyuu-sen-dokuro-gou | Futeki na Chikyuu-sen Dokuro-gou | src: https://04x.manhwaland.land/manga/futeki-na-chikyuu-sen-dokuro-gou/
  futomomo-%c3%b7-shitto | Futomomo ÷ Shitto | src: https://04x.manhwaland.land/manga/futomomo-%c3%b7-shitto/
  fuufu-nara-doko-e-demo | Fuufu nara Doko e demo | src: https://04x.manhwaland.land/manga/fuufu-nara-doko-e-demo/
  fuuki-ga-midarete-imasu | Fuuki ga midarete imasu | src: https://04x.manhwaland.land/manga/fuuki-ga-midarete-imasu/
  fuuki-iin-ichijou-no-haiboku-after | Fuuki Iin Ichijou no Haiboku After | src: https://04x.manhwaland.land/manga/fuuki-iin-ichijou-no-haiboku-after/
  fuuki-iin-no-deka-oppai-ga-ore-o-shuuden-ni-ma-ni-awasenai | Fuuki Iin no Deka Oppai ga Ore o Shuuden ni Ma ni Awasenai | src: https://04x.manhwaland.land/manga/fuuki-iin-no-deka-oppai-ga-ore-o-shuuden-ni-ma-ni-awasenai/
  fuyu-no-kedamono | Fuyu no Kedamono | src: https://04x.manhwaland.land/manga/fuyu-no-kedamono/
  fuyuyasumi-wa-itoko-no-onee-chan-ni-asonde-moraimashita | Fuyuyasumi wa Itoko no Onee-chan ni Asonde moraimashita | src: https://04x.manhwaland.land/manga/fuyuyasumi-wa-itoko-no-onee-chan-ni-asonde-moraimashita/
  gacha-girl-next-door | Gacha Girl Next Door | src: https://04x.manhwaland.land/manga/gacha-girl-next-door/
  gacha-hime-sama-no-mukakin | Gacha Hime-sama no Mukakin | src: https://04x.manhwaland.land/manga/gacha-hime-sama-no-mukakin/
  gachinko-fuck-hino-senpai | Gachinko Fuck! Hino Senpai | src: https://04x.manhwaland.land/manga/gachinko-fuck-hino-senpai/
  gakkou-no-uwasa | Gakkou no Uwasa | src: https://04x.manhwaland.land/manga/gakkou-no-uwasa/
  gal-ane-shachou-to-harem-office-sex-wa-gyoumu-ni-fukumimasu-ka | Gal Ane Shachou to Harem Office ~SEX wa Gyoumu ni Fukumimasu ka | src: https://04x.manhwaland.land/manga/gal-ane-shachou-to-harem-office-sex-wa-gyoumu-ni-fukumimasu-ka/
  gal-boss-and-the-harem-office | Gal Boss and the Harem Office | src: https://04x.manhwaland.land/manga/gal-boss-and-the-harem-office/
  gal-kanojo-ga-dekita-riyuu | Gal Kanojo ga Dekita Riyuu | src: https://04x.manhwaland.land/manga/gal-kanojo-ga-dekita-riyuu/
  gal-mama-anna-san | Gal Mama Anna-san | src: https://04x.manhwaland.land/manga/gal-mama-anna-san/
  gal-o-yome-ni-shitara-mainichi-ga-ero-saikou-datta | Gal o Yome ni Shitara Mainichi ga Ero Saikou datta | src: https://04x.manhwaland.land/manga/gal-o-yome-ni-shitara-mainichi-ga-ero-saikou-datta/
  gal-sen | Gal sen | src: https://04x.manhwaland.land/manga/gal-sen/
  gal-yome-no-himitsua | Gal Yome no Himitsua | src: https://04x.manhwaland.land/manga/gal-yome-no-himitsua/
  gals-bitch-shijou-shugi | Gal’s Bitch Shijou Shugi! | src: https://04x.manhwaland.land/manga/gals-bitch-shijou-shugi/
  galleon-san-to-dousei-suru-hon | Galleon-san to Dousei Suru Hon | src: https://04x.manhwaland.land/manga/galleon-san-to-dousei-suru-hon/
  gamandekinai-mesuana | Gamandekinai Mesuana | src: https://04x.manhwaland.land/manga/gamandekinai-mesuana/
  gamble | Gamble | src: https://04x.manhwaland.land/manga/gamble/
  game-de-seiso-datta-anoko-wa-gal | Game de Seiso datta anoko wa Gal! | src: https://04x.manhwaland.land/manga/game-de-seiso-datta-anoko-wa-gal/
  game-on-bitch | Game on, Bitch! | src: https://04x.manhwaland.land/manga/game-on-bitch/
  game-tomodachi-no-onnanoko-to-onsen-ryokou-de-yaru-hanashi | Game Tomodachi no Onnanoko to Onsen Ryokou de Yaru Hanashi | src: https://04x.manhwaland.land/manga/game-tomodachi-no-onnanoko-to-onsen-ryokou-de-yaru-hanashi/
  game-tomodachi-no-onnanoko-to-onsen-ryokou-de-yaru-hanashi-ntrver | Game Tomodachi no Onnanoko to Onsen Ryokou de Yaru Hanashi NTRver | src: https://04x.manhwaland.land/manga/game-tomodachi-no-onnanoko-to-onsen-ryokou-de-yaru-hanashi-ntrver/
  gamer-girlfriend | Gamer Girlfriend | src: https://04x.manhwaland.land/manga/gamer-girlfriend/
  gamers | Gamers | src: https://04x.manhwaland.land/manga/gamers/
  gamtz | GAMTZ | src: https://04x.manhwaland.land/manga/gamtz/
  ganbare-rabbit-hero | Ganbare!! Rabbit Hero!!! | src: https://04x.manhwaland.land/manga/ganbare-rabbit-hero/
  gang-bang-boys | Gang-Bang-Boys | src: https://04x.manhwaland.land/manga/gang-bang-boys/
  ganyu-chan-ga-shigoto-to-seiyoku-shori-o-otetsudai-suru-hon | Ganyu-chan ga Shigoto to Seiyoku Shori o Otetsudai suru Hon | src: https://04x.manhwaland.land/manga/ganyu-chan-ga-shigoto-to-seiyoku-shori-o-otetsudai-suru-hon/
  gaten-kei-kyonyu-mama-ni-yokujyo-shite-yobai-shite-shimatta-ken | Gaten-kei Kyonyu Mama ni Yokujyo shite Yobai shite Shimatta Ken | src: https://04x.manhwaland.land/manga/gaten-kei-kyonyu-mama-ni-yokujyo-shite-yobai-shite-shimatta-ken/
  gehenna-gakuen-kyuushoku-bu-ushimaki-nyuugyou | Gehenna Gakuen Kyuushoku-bu Ushimaki Nyuugyou | src: https://04x.manhwaland.land/manga/gehenna-gakuen-kyuushoku-bu-ushimaki-nyuugyou/
  gekka-shirahime | Gekka Shirahime | src: https://04x.manhwaland.land/manga/gekka-shirahime/
  genkai-drake-san | Genkai Drake-san | src: https://04x.manhwaland.land/manga/genkai-drake-san/
  genkai-drake-san-deliheal-kaigyou-hen | Genkai Drake-san DeliHeal Kaigyou Hen | src: https://04x.manhwaland.land/manga/genkai-drake-san-deliheal-kaigyou-hen/
  genkai-dungeon-no-hanshoku-jijou | Genkai Dungeon no Hanshoku Jijou | src: https://04x.manhwaland.land/manga/genkai-dungeon-no-hanshoku-jijou/
  genkai-toppa-mistress | Genkai Toppa Mistress | src: https://04x.manhwaland.land/manga/genkai-toppa-mistress/
  genki-hatsuratsu-otou-san | Genki Hatsuratsu! Otou-san | src: https://04x.manhwaland.land/manga/genki-hatsuratsu-otou-san/
  genkyou-cabecilla | Genkyou ~Cabecilla~ | src: https://04x.manhwaland.land/manga/genkyou-cabecilla/
  get-it-while-its-hot | Get It While It’s Hot | src: https://04x.manhwaland.land/manga/get-it-while-its-hot/
  get-over | Get O~ver~ | src: https://04x.manhwaland.land/manga/get-over/
  getsuyoubi-no-tawawa | Getsuyoubi no Tawawa | src: https://04x.manhwaland.land/manga/getsuyoubi-no-tawawa/
  getting-with-my-girlfriends-mom | Getting With My Girlfriend’s Mom | src: https://04x.manhwaland.land/manga/getting-with-my-girlfriends-mom/
  ghislaine-detour-byuba | Ghislaine Detour Byuba | src: https://04x.manhwaland.land/manga/ghislaine-detour-byuba/
  ghoul-ga-sekai-wo-sukutta-koto-wo-watashi-dake-ga-shitteiru | Ghoul ga Sekai wo Sukutta Koto wo Watashi dake ga shitteiru | src: https://04x.manhwaland.land/manga/ghoul-ga-sekai-wo-sukutta-koto-wo-watashi-dake-ga-shitteiru/
  gibo-ochi | Gibo Ochi | src: https://04x.manhwaland.land/manga/gibo-ochi/
  gibo-san-wa-boku-no-mono | Gibo-san wa Boku no Mono | src: https://04x.manhwaland.land/manga/gibo-san-wa-boku-no-mono/
  gibuandoteku | Gibuandoteku | src: https://04x.manhwaland.land/manga/gibuandoteku/
  gifu-ni-dakareru-tsuma-yui | Gifu ni Dakareru Tsuma Yui | src: https://04x.manhwaland.land/manga/gifu-ni-dakareru-tsuma-yui/
  gifu-to-doukyou-suru-ni-natta-shiawase-na-shinkon-seikatsu-o-okuro-hazu-datta-no-ni | Gifu to Doukyou Suru ni Natta Shiawase na Shinkon Seikatsu o Okuro Hazu datta no ni | src: https://04x.manhwaland.land/manga/gifu-to-doukyou-suru-ni-natta-shiawase-na-shinkon-seikatsu-o-okuro-hazu-datta-no-ni/
  gifu-to-musuko-no-yome-wa-doukyo-shinai-hou-ga-ii-riyuu | Gifu to Musuko no Yome wa Doukyo Shinai Hou ga Ii Riyuu | src: https://04x.manhwaland.land/manga/gifu-to-musuko-no-yome-wa-doukyo-shinai-hou-ga-ii-riyuu/
  gikei-ni-haiboku-cool-na-hitodzuma | Gikei ni Haiboku Cool na Hitodzuma | src: https://04x.manhwaland.land/manga/gikei-ni-haiboku-cool-na-hitodzuma/
  ginga-ol-wa-yottemo-kakkoii-onee-san-desu-ka-xx | Ginga OL wa Yottemo Kakkoii Onee-san desu ka XX | src: https://04x.manhwaland.land/manga/ginga-ol-wa-yottemo-kakkoii-onee-san-desu-ka-xx/
  giri-no-ane-to-sugoku-nakayoshi-ni-natta-hanashi | Giri no Ane to Sugoku Nakayoshi ni Natta Hanashi | src: https://04x.manhwaland.land/manga/giri-no-ane-to-sugoku-nakayoshi-ni-natta-hanashi/
  girigiri | Girigiri | src: https://04x.manhwaland.land/manga/girigiri/
  girl-dash-family-dinner | Girl Dash: Family Dinner | src: https://04x.manhwaland.land/manga/girl-dash-family-dinner/
  girlfriend-and-slave | Girlfriend and Slave | src: https://04x.manhwaland.land/manga/girlfriend-and-slave/
  give-me-back-my-wife | Give Me Back My Wife | src: https://04x.manhwaland.land/manga/give-me-back-my-wife/
  give-me-the-mom-instead | Give Me the Mom Instead | src: https://04x.manhwaland.land/manga/give-me-the-mom-instead/
  glamor-furyou-joshi-ni-ijimerareta-ga-doukyo-suru-koto-ni-shita | Glamor Furyou Joshi ni Ijimerareta ga Doukyo suru Koto ni Shita | src: https://04x.manhwaland.land/manga/glamor-furyou-joshi-ni-ijimerareta-ga-doukyo-suru-koto-ni-shita/
  glorious-homecoming-naru | Glorious Homecoming (Naru) | src: https://04x.manhwaland.land/manga/glorious-homecoming-naru/
  gluestick-girl | Gluestick Girl | src: https://04x.manhwaland.land/manga/gluestick-girl/
  go-hoshi-meido-tsuma | Go Hōshi! Meido Tsuma | src: https://04x.manhwaland.land/manga/go-hoshi-meido-tsuma/
  gochuumon-no-rize-desu | Gochuumon no Rize desu | src: https://04x.manhwaland.land/manga/gochuumon-no-rize-desu/
  god-of-pleasure | God of Pleasure | src: https://04x.manhwaland.land/manga/god-of-pleasure/
  goddess-hole | Goddess Hole | src: https://04x.manhwaland.land/manga/goddess-hole/
  goddess-hunting | Goddess Hunting | src: https://04x.manhwaland.land/manga/goddess-hunting/
  goddess-punishment-game | Goddess’ Punishment Game | src: https://04x.manhwaland.land/manga/goddess-punishment-game/
  gohoushi-itashimasu-rental-maid | Gohoushi Itashimasu Rental Maid! | src: https://04x.manhwaland.land/manga/gohoushi-itashimasu-rental-maid/
  gohoushi-maid-ga-h-cup-nanoni-ecchi-ja-nai | Gohoushi Maid ga H Cup Nanoni Ecchi ja Nai | src: https://04x.manhwaland.land/manga/gohoushi-maid-ga-h-cup-nanoni-ecchi-ja-nai/
  gohoushi-oppai-maid | Gohoushi Oppai Maid | src: https://04x.manhwaland.land/manga/gohoushi-oppai-maid/
  going-on-a-hotspring-trip-with-tomos-mom-and-her-friends | Going On A Hotspring Trip With Tomos Mom And Her Friends! | src: https://04x.manhwaland.land/manga/going-on-a-hotspring-trip-with-tomos-mom-and-her-friends/
  goinkyo-maou-sama-no-kaerizaki | Goinkyo Maou-sama no Kaerizaki | src: https://04x.manhwaland.land/manga/goinkyo-maou-sama-no-kaerizaki/
  gokinjo-no-oku-san-yasumi-no-hi-wa-ie-de-himasou | Gokinjo no Oku-san Yasumi no Hi wa Ie de Himasou | src: https://04x.manhwaland.land/manga/gokinjo-no-oku-san-yasumi-no-hi-wa-ie-de-himasou/
  gokinjo-trouble-ni-wa-gochuui-o | Gokinjo Trouble ni wa Gochuui o | src: https://04x.manhwaland.land/manga/gokinjo-trouble-ni-wa-gochuui-o/
  gokufuri-kyohi-shite-tesaguri-start-tokka-shinai-healer-nakama-to-wakarete-tabi-ni-deru | Gokufuri Kyohi Shite Tesaguri Start! Tokka Shinai Healer, Nakama to Wakarete Tabi ni Deru | src: https://04x.manhwaland.land/manga/gokufuri-kyohi-shite-tesaguri-start-tokka-shinai-healer-nakama-to-wakarete-tabi-ni-deru/
  gokujou-kusozako-busumesu-ma | Gokujou Kusozako Busumesu Ma | src: https://04x.manhwaland.land/manga/gokujou-kusozako-busumesu-ma/
  gokujou-seikatsu | Gokujou Seikatsu | src: https://04x.manhwaland.land/manga/gokujou-seikatsu/
  gokuraku-kikou-kan | Gokuraku Kikou Kan | src: https://04x.manhwaland.land/manga/gokuraku-kikou-kan/
  gokusotsu-kraken | Gokusotsu Kraken | src: https://04x.manhwaland.land/manga/gokusotsu-kraken/
  golden-scale | Golden Scale | src: https://04x.manhwaland.land/manga/golden-scale/
  goldirocks-a-killer-honey | Goldirocks a Killer Honey | src: https://04x.manhwaland.land/manga/goldirocks-a-killer-honey/
  gome-debi-shadowo-hen | Gome Debi Shadow~o-hen | src: https://04x.manhwaland.land/manga/gome-debi-shadowo-hen/
  gomennasai-senpai | Gomennasai Senpai | src: https://04x.manhwaland.land/manga/gomennasai-senpai/
  gomu-o-tsukete-to-iimashita-yo-ne | Gomu o Tsukete to Iimashita yo ne | src: https://04x.manhwaland.land/manga/gomu-o-tsukete-to-iimashita-yo-ne/
  good-child-and-good-deeds | Good Child and Good Deeds | src: https://04x.manhwaland.land/manga/good-child-and-good-deeds/
  good-deeds-of-kane-of-old-guy | Good Deeds of Kane of Old Guy | src: https://04x.manhwaland.land/manga/good-deeds-of-kane-of-old-guy/
  good-siblings-night | Good Siblings Night | src: https://04x.manhwaland.land/manga/good-siblings-night/
  good-teachers | Good Teachers | src: https://04x.manhwaland.land/manga/good-teachers/
  got-a-room-uncensored | Got a Room? UNCENSORED | src: https://04x.manhwaland.land/manga/got-a-room-uncensored/
  grade-3-class-5 | Grade 3 Class 5 | src: https://04x.manhwaland.land/manga/grade-3-class-5/
  graduation-ceremony | Graduation Ceremony | src: https://04x.manhwaland.land/manga/graduation-ceremony/
  great-disciple | Great Disciple | src: https://04x.manhwaland.land/manga/great-disciple/
  greed-game | Greed Game | src: https://04x.manhwaland.land/manga/greed-game/
  ground-and-pound | Ground and Pound | src: https://04x.manhwaland.land/manga/ground-and-pound/
  gu-hos-escape | Gu-Ho's Escape | src: https://04x.manhwaland.land/manga/gu-hos-escape/
  guchogucho-sakari-chan | Guchogucho Sakari-chan | src: https://04x.manhwaland.land/manga/guchogucho-sakari-chan/
  guest-house | Guest House | src: https://04x.manhwaland.land/manga/guest-house/
  gyakunan-paradise | Gyakunan PARADISE | src: https://04x.manhwaland.land/manga/gyakunan-paradise/
  gyakure-banchou | Gyakure Banchou | src: https://04x.manhwaland.land/manga/gyakure-banchou/
  gyaru-gamer-homeraretai | Gyaru Gamer Homeraretai | src: https://04x.manhwaland.land/manga/gyaru-gamer-homeraretai/
  gyaru-mama-to-milk-to-seiya | Gyaru Mama to Milk to Seiya | src: https://04x.manhwaland.land/manga/gyaru-mama-to-milk-to-seiya/
  gyaru-miko | Gyaru Miko | src: https://04x.manhwaland.land/manga/gyaru-miko/
  gyaru-to-boku-bitchs-communication | Gyaru to Boku Bitch’s communication! | src: https://04x.manhwaland.land/manga/gyaru-to-boku-bitchs-communication/
  gyoumu-from-joumu | Gyoumu from Joumu. | src: https://04x.manhwaland.land/manga/gyoumu-from-joumu/
  h-daisuki-kinpatsu-hakujin-bakunyuu-ryuugakusei-ga-tonari-no-heya-ni-hikkoshite-kita | H Daisuki Kinpatsu Hakujin Bakunyuu Ryuugakusei ga Tonari no Heya ni Hikkoshite Kita! | src: https://04x.manhwaland.land/manga/h-daisuki-kinpatsu-hakujin-bakunyuu-ryuugakusei-ga-tonari-no-heya-ni-hikkoshite-kita/
  h-daisuki-saaya-san-to-kusuri-de-youji-taikou-shita-danna-saaya-san | H Daisuki Saaya-san to Kusuri de Youji Taikou shita Danna Saaya-san | src: https://04x.manhwaland.land/manga/h-daisuki-saaya-san-to-kusuri-de-youji-taikou-shita-danna-saaya-san/
  h-seidorei-elf-no-souzoku-mondai-ni-tsuite | H Seidorei Elf no Souzoku Mondai ni Tsuite | src: https://04x.manhwaland.land/manga/h-seidorei-elf-no-souzoku-mondai-ni-tsuite/
  h-b-o-l-b | H.B.O.L.B | src: https://04x.manhwaland.land/manga/h-b-o-l-b/
  haburare-kasshoku-elf-to-party-kundemita | Haburare Kasshoku Elf to Party Kundemita | src: https://04x.manhwaland.land/manga/haburare-kasshoku-elf-to-party-kundemita/
  hachisaku-sama | Hachisaku-sama | src: https://04x.manhwaland.land/manga/hachisaku-sama/
  hachishaku-hachiwa-keraku-meguri-igyou-kaikitan | Hachishaku Hachiwa Keraku Meguri: Igyou Kaikitan | src: https://04x.manhwaland.land/manga/hachishaku-hachiwa-keraku-meguri-igyou-kaikitan/
  hadaka-skate-wa-itsumo-dareka-ni-mirarenagara | Hadaka Skate wa Itsumo Dareka ni Mirarenagara | src: https://04x.manhwaland.land/manga/hadaka-skate-wa-itsumo-dareka-ni-mirarenagara/
  hadaka-skate-wa-itsumo-dareka-ni-mirarenagara-ikoma-ayuka | Hadaka Skate wa Itsumo Dareka ni Mirarenagara… ~Ikoma Ayuka~ | src: https://04x.manhwaland.land/manga/hadaka-skate-wa-itsumo-dareka-ni-mirarenagara-ikoma-ayuka/
  haha-futari | Haha Futari | src: https://04x.manhwaland.land/manga/haha-futari/
  haha-ga-kabe-ni-hamatte-ugokenakattanode | Haha ga kabe ni hamatte ugokenakattanode | src: https://04x.manhwaland.land/manga/haha-ga-kabe-ni-hamatte-ugokenakattanode/
  haha-naru-nichijou | Haha Naru Nichijou | src: https://04x.manhwaland.land/manga/haha-naru-nichijou/
  haha-no-hi-to-musume-no-hi | Haha no Hi to Musume no Hi | src: https://04x.manhwaland.land/manga/haha-no-hi-to-musume-no-hi/
  haha-no-naedoko | Haha no Naedoko | src: https://04x.manhwaland.land/manga/haha-no-naedoko/
  haha-no-naedoko-kyonyuu-no-haha-ni-saimin-kakete-ninchi-kaihen-x-noukou-nakadashi-sex | Haha no Naedoko ~Kyonyuu no Haha ni Saimin Kakete, Ninchi Kaihen x Noukou Nakadashi Sex | src: https://04x.manhwaland.land/manga/haha-no-naedoko-kyonyuu-no-haha-ni-saimin-kakete-ninchi-kaihen-x-noukou-nakadashi-sex/
  haha-no-sango-oppai-ni-miserarete | Haha no Sango Oppai ni Miserarete | src: https://04x.manhwaland.land/manga/haha-no-sango-oppai-ni-miserarete/
  haha-no-utsuriga | Haha no Utsuriga | src: https://04x.manhwaland.land/manga/haha-no-utsuriga/
  haha-to-love-ho-ni-itta-hi | Haha to Love Ho ni Itta Hi | src: https://04x.manhwaland.land/manga/haha-to-love-ho-ni-itta-hi/
  haha-to-majiwaru-hi | Haha to Majiwaru Hi | src: https://04x.manhwaland.land/manga/haha-to-majiwaru-hi/
  haha-wa-mita | Haha wa Mita! | src: https://04x.manhwaland.land/manga/haha-wa-mita/
  haha-wa-no-1-jou | Haha wa No 1 Jou | src: https://04x.manhwaland.land/manga/haha-wa-no-1-jou/
  haha-wa-omocha | Haha wa Omocha | src: https://04x.manhwaland.land/manga/haha-wa-omocha/
  haha-wa-yoru-ni-saku-single-mother-no-haishin-kiroku | Haha wa Yoru ni Saku Single Mother no Haishin Kiroku | src: https://04x.manhwaland.land/manga/haha-wa-yoru-ni-saku-single-mother-no-haishin-kiroku/
  hahaoya-ni-kokuhaku-shitara-ichinichi-dake-sex-o-sasete-kureta-hanashi | Hahaoya ni Kokuhaku Shitara Ichinichi dake Sex o Sasete Kureta Hanashi | src: https://04x.manhwaland.land/manga/hahaoya-ni-kokuhaku-shitara-ichinichi-dake-sex-o-sasete-kureta-hanashi/
  hahaoya-ni-rifujin | Hahaoya ni Rifujin | src: https://04x.manhwaland.land/manga/hahaoya-ni-rifujin/
  hahaoya-shikkaku | Hahaoya Shikkaku | src: https://04x.manhwaland.land/manga/hahaoya-shikkaku/
  hai-mimimimi-mizuhara-desu | Hai Mimimimi Mizuhara desu | src: https://04x.manhwaland.land/manga/hai-mimimimi-mizuhara-desu/
  haiso-hahaoya-shikkaku-kouhen | Haiso -Hahaoya Shikkaku- ~Kouhen~ | src: https://04x.manhwaland.land/manga/haiso-hahaoya-shikkaku-kouhen/
  haiso-hahaoya-shikkaku-zenpen | Haiso -Hahaoya Shikkaku- ~Zenpen~ | src: https://04x.manhwaland.land/manga/haiso-hahaoya-shikkaku-zenpen/
  haizoku-sareta-saki-wa-ianka-deshita | Haizoku sareta Saki wa Ianka deshita | src: https://04x.manhwaland.land/manga/haizoku-sareta-saki-wa-ianka-deshita/
  hajimete-no-gakusei-beit-shinjiteita-tenchou-ni-datsu-shojo-sareta-tokai-o-shiranai-gakusei | Hajimete no Gakusei Beit Shinjiteita Tenchou ni Datsu Shojo Sareta Tokai o Shiranai Gakusei | src: https://04x.manhwaland.land/manga/hajimete-no-gakusei-beit-shinjiteita-tenchou-ni-datsu-shojo-sareta-tokai-o-shiranai-gakusei/
  hajimete-no-tomodachi | Hajimete no Tomodachi | src: https://04x.manhwaland.land/manga/hajimete-no-tomodachi/
  hakase-no-aishita-pansuto | Hakase no Aishita Pansuto | src: https://04x.manhwaland.land/manga/hakase-no-aishita-pansuto/
  hakase-no-gokuhi-jikken-kiroku | Hakase no Gokuhi Jikken Kiroku | src: https://04x.manhwaland.land/manga/hakase-no-gokuhi-jikken-kiroku/
  hakone-sanchuu-yasen | Hakone Sanchuu Yasen | src: https://04x.manhwaland.land/manga/hakone-sanchuu-yasen/
  hakudaku-ni-torokeru-mesuana | Hakudaku ni Torokeru Mesuana | src: https://04x.manhwaland.land/manga/hakudaku-ni-torokeru-mesuana/
  halloween-de-choushi-ni-notta-iinchou-wo | Halloween de Choushi ni Notta Iinchou wo | src: https://04x.manhwaland.land/manga/halloween-de-choushi-ni-notta-iinchou-wo/
  hama-pai-matsuri-hama-boob-festival | Hama-Pai Matsuri Hama Boob Festival | src: https://04x.manhwaland.land/manga/hama-pai-matsuri-hama-boob-festival/
  hamakaze-no-pafupafu-shinjin-kenshuu | Hamakaze no Pafupafu Shinjin Kenshuu | src: https://04x.manhwaland.land/manga/hamakaze-no-pafupafu-shinjin-kenshuu/
  hamakaze-to-kekkon-suru-hi | Hamakaze to Kekkon Suru Hi | src: https://04x.manhwaland.land/manga/hamakaze-to-kekkon-suru-hi/
  hame-ochi-shusse-kai-michi | Hame ochi shusse kai michi | src: https://04x.manhwaland.land/manga/hame-ochi-shusse-kai-michi/
  hamedori-bunka-chinpou | Hamedori Bunka Chinpou | src: https://04x.manhwaland.land/manga/hamedori-bunka-chinpou/
  hamerare-daisuki-bitch-chan | Hamerare Daisuki Bitch-chan | src: https://04x.manhwaland.land/manga/hamerare-daisuki-bitch-chan/
  hana-no-mitsu | Hana no Mitsu | src: https://04x.manhwaland.land/manga/hana-no-mitsu/
  hana-x-hana | Hana x Hana | src: https://04x.manhwaland.land/manga/hana-x-hana/
  hanas-demons-of-lust | Hana's Demons of Lust | src: https://04x.manhwaland.land/manga/hanas-demons-of-lust/
  hanayome-inmu | Hanayome inmu | src: https://04x.manhwaland.land/manga/hanayome-inmu/
  hand-play | Hand Play | src: https://04x.manhwaland.land/manga/hand-play/
  hanging-out-at-my-big-titty-gyaru-coworkers-place | Hanging Out at My Big-Titty Gyaru Coworker’s Place | src: https://04x.manhwaland.land/manga/hanging-out-at-my-big-titty-gyaru-coworkers-place/
  hangyaku-onsen | Hangyaku Onsen | src: https://04x.manhwaland.land/manga/hangyaku-onsen/
  hanitora-shoukan-yuusha-wo-hameru-honey-trap-hoi-mou | Hanitora! Shoukan Yuusha wo Hameru Honey Trap Hoi Mou | src: https://04x.manhwaland.land/manga/hanitora-shoukan-yuusha-wo-hameru-honey-trap-hoi-mou/
  hanninmae-no-koibito | Hanninmae no Koibito | src: https://04x.manhwaland.land/manga/hanninmae-no-koibito/
  haouju-2 | Haouju 2 | src: https://04x.manhwaland.land/manga/haouju-2/
  happy-wedding-remake | Happy Wedding Remake | src: https://04x.manhwaland.land/manga/happy-wedding-remake/
  haramase-mamizou-oba-chan | Haramase Mamizou Oba-chan | src: https://04x.manhwaland.land/manga/haramase-mamizou-oba-chan/
  haramase-matsuri | Haramase Matsuri | src: https://04x.manhwaland.land/manga/haramase-matsuri/
  haramasete-mina | Haramasete Mina | src: https://04x.manhwaland.land/manga/haramasete-mina/
  haramaseya-3-5-dlo-23 | Haramaseya 3 5 DLO-23 | src: https://04x.manhwaland.land/manga/haramaseya-3-5-dlo-23/
  harem-king | Harem King | src: https://04x.manhwaland.land/manga/harem-king/
  harenchi-kinshi | Harenchi Kinshi! | src: https://04x.manhwaland.land/manga/harenchi-kinshi/
  haru-uri-mura | Haru Uri Mura | src: https://04x.manhwaland.land/manga/haru-uri-mura/
  haruna-break-down | Haruna Break Down | src: https://04x.manhwaland.land/manga/haruna-break-down/
  haruno-tameni-hadao-nugimasu | Haruno Tameni Hadao Nugimasu | src: https://04x.manhwaland.land/manga/haruno-tameni-hadao-nugimasu/
  harusaki-komugi | Harusaki Komugi | src: https://04x.manhwaland.land/manga/harusaki-komugi/
  hashiru-onna-runner-girl | Hashiru Onna Runner Girl | src: https://04x.manhwaland.land/manga/hashiru-onna-runner-girl/
  hatachi-ni-natte-mo-chiisai-mama-no-kaede | Hatachi ni Natte mo Chiisai Mama no Kaede | src: https://04x.manhwaland.land/manga/hatachi-ni-natte-mo-chiisai-mama-no-kaede/
  hataraku-maou-sama | Hataraku Maou-sama! | src: https://04x.manhwaland.land/manga/hataraku-maou-sama/
  hatoba-tsugu-no-kono-ko-ni-shimashita | Hatoba Tsugu no Kono Ko ni Shimashita | src: https://04x.manhwaland.land/manga/hatoba-tsugu-no-kono-ko-ni-shimashita/
  hatsu-suzux | Hatsu Suzux! | src: https://04x.manhwaland.land/manga/hatsu-suzux/
  hatsuboshi-sei-kyouka-gekkan-vol-2-ichibanhoshi-wa-shitsuke-rareru | Hatsuboshi Sei Kyouka Gekkan Vol.2 Ichibanhoshi wa Shitsuke Rareru | src: https://04x.manhwaland.land/manga/hatsuboshi-sei-kyouka-gekkan-vol-2-ichibanhoshi-wa-shitsuke-rareru/
  hatsujou-gyuunyuu-senshi-asute-san | Hatsujou Gyuunyuu Senshi Asute-san | src: https://04x.manhwaland.land/manga/hatsujou-gyuunyuu-senshi-asute-san/
  hatsujou-megitsune-yakumo-ran | Hatsujou Megitsune Yakumo Ran | src: https://04x.manhwaland.land/manga/hatsujou-megitsune-yakumo-ran/
  hatsujou-munmun-massage | Hatsujou Munmun Massage! | src: https://04x.manhwaland.land/manga/hatsujou-munmun-massage/
  hatsujou-rhapsody | Hatsujou Rhapsody | src: https://04x.manhwaland.land/manga/hatsujou-rhapsody/
  hatsujouki-cherry-season | Hatsujouki Cherry Season | src: https://04x.manhwaland.land/manga/hatsujouki-cherry-season/
  hatsujouki-no-shishou-ga-kuru-na-to-itta-no-ni | Hatsujouki no Shishou ga ”Kuru na” to Itta no ni | src: https://04x.manhwaland.land/manga/hatsujouki-no-shishou-ga-kuru-na-to-itta-no-ni/
  hatsukoi-megane | Hatsukoi Megane | src: https://04x.manhwaland.land/manga/hatsukoi-megane/
  hatsukoi-no-bakunyuu-tomo-mama-ga-yasashiku-sei-no-tehodoki-o-shitekureru-hanashi | Hatsukoi no Bakunyuu Tomo Mama ga Yasashiku Sei no Tehodoki o Shitekureru Hanashi | src: https://04x.manhwaland.land/manga/hatsukoi-no-bakunyuu-tomo-mama-ga-yasashiku-sei-no-tehodoki-o-shitekureru-hanashi/
  having-sex-with-my-son-friend | Having Sex With My Son Friend | src: https://04x.manhwaland.land/manga/having-sex-with-my-son-friend/
  hayami-san-wa-me-ga-mienai | Hayami-san wa Me ga Mienai | src: https://04x.manhwaland.land/manga/hayami-san-wa-me-ga-mienai/
  hazuki-ke-no-maid-jijou | Hazuki-ke no Maid Jijou | src: https://04x.manhwaland.land/manga/hazuki-ke-no-maid-jijou/
  hazure-sukiru-konomi-masuta-sukiru-no-mi-tabetara-shinu-o-mugen-ni-tabe-rareru-yo-ni-natta-kudan | Hazure Sukiru “konomi Masuta” Sukiru No Mi (tabetara Shinu) O Mugen Ni Tabe Rareru Yo Ni Natta Kudan | src: https://04x.manhwaland.land/manga/hazure-sukiru-konomi-masuta-sukiru-no-mi-tabetara-shinu-o-mugen-ni-tabe-rareru-yo-ni-natta-kudan/
  healing-hands-uncensored | Healing Hands (Uncensored) | src: https://04x.manhwaland.land/manga/healing-hands-uncensored/
  heavenly-koi | Heavenly Koi | src: https://04x.manhwaland.land/manga/heavenly-koi/
  hebigamisama-ni-miirarete | Hebigamisama ni Miirarete | src: https://04x.manhwaland.land/manga/hebigamisama-ni-miirarete/
  heian-maru-no-suibun-hokyuu | Heian Maru no Suibun Hokyuu | src: https://04x.manhwaland.land/manga/heian-maru-no-suibun-hokyuu/
  heibon-na-daigakusei-no-boku-desu-ga-mafia-no-onna-boss-ni-hageshiku-aisareteimasu | Heibon na Daigakusei no Boku desu ga, Mafia no Onna Boss ni Hageshiku Aisareteimasu | src: https://04x.manhwaland.land/manga/heibon-na-daigakusei-no-boku-desu-ga-mafia-no-onna-boss-ni-hageshiku-aisareteimasu/
  hell-mode-yarikomi-suki-no-gamer-wa-hai-settei-no-isekai-de-musou-suru | Hell Mode: Yarikomi Suki no Gamer wa Hai Settei no Isekai de Musou Suru | src: https://04x.manhwaland.land/manga/hell-mode-yarikomi-suki-no-gamer-wa-hai-settei-no-isekai-de-musou-suru/
  help-me-out-mister | Help Me Out, Mister!! | src: https://04x.manhwaland.land/manga/help-me-out-mister/
  help-saya-sensei | HELP! Saya Sensei | src: https://04x.manhwaland.land/manga/help-saya-sensei/
  henai-heartbeat | Henai Heartbeat | src: https://04x.manhwaland.land/manga/henai-heartbeat/
  hentai-elf-to-majime-orc | Hentai Elf to Majime Orc | src: https://04x.manhwaland.land/manga/hentai-elf-to-majime-orc/
  hentai-kansoku-yome-no-bakunyuu-kaa-chan-o-netoritai | Hentai Kansoku ~Yome no Bakunyuu Kaa-chan o Netoritai | src: https://04x.manhwaland.land/manga/hentai-kansoku-yome-no-bakunyuu-kaa-chan-o-netoritai/
  henyou | Henyou | src: https://04x.manhwaland.land/manga/henyou/
  her-situation | Her Situation | src: https://04x.manhwaland.land/manga/her-situation/
  her-skin | Her Skin | src: https://04x.manhwaland.land/manga/her-skin/
  herbal-love-story | Herbal Love Story | src: https://04x.manhwaland.land/manga/herbal-love-story/
  hero-no-deban-nante-nakatta | Hero no Deban nante Nakatta | src: https://04x.manhwaland.land/manga/hero-no-deban-nante-nakatta/
  hero-kun-wont-set-out | Hero-kun Won’t Set Out! | src: https://04x.manhwaland.land/manga/hero-kun-wont-set-out/
  heroine-app | Heroine App | src: https://04x.manhwaland.land/manga/heroine-app/
  hestia | Hestia | src: https://04x.manhwaland.land/manga/hestia/
  hidden-errors | Hidden Errors | src: https://04x.manhwaland.land/manga/hidden-errors/
  high-tension | High Tension | src: https://04x.manhwaland.land/manga/high-tension/
  hiiragi-san-chi-no-kyuuketsu-jijou | Hiiragi-san Chi no Kyuuketsu Jijou | src: https://04x.manhwaland.land/manga/hiiragi-san-chi-no-kyuuketsu-jijou/
  hikage-shade | Hikage Shade | src: https://04x.manhwaland.land/manga/hikage-shade/
  hikari-to-icha-love-saimin | Hikari to Icha Love Saimin | src: https://04x.manhwaland.land/manga/hikari-to-icha-love-saimin/
  hikari-chan-no-motto-ecchi-hon | Hikari-chan no Motto Ecchi Hon | src: https://04x.manhwaland.land/manga/hikari-chan-no-motto-ecchi-hon/

── INCOMPLETE SEQUENCE (0) ──

── DEAD IMAGES (0 chapters) ──

── BAD/MISSING COVERS (0) ──

── NON-R2 IMAGES (0 chapters) ──

✅ Full report saved to audit-comprehensive-v2.json
