slug,title,number,title
100-byougo-ni-sex-suru-ane,100-byougo ni Sex Suru Ane,1,Chapter 1
200-nen-mo-no-shojo-elf-shota-o-kau,200-Nen Mo no Shojo Elf Sh0ta o Kau,0,Chapter 0
200-nen-mo-no-shojo-elf-shota-o-kau,200-Nen Mo no Shojo Elf Sh0ta o Kau,1,Chapter 1
72-ryoujoku-tatekomori-jiken,72 -Ryoujoku Tatekomori Jiken,2,Chapter 2
a-fluffy-thief-cat-one-piece,A Fluffy Thief Cat – One Piece,0,Chapter a fluffy thief cat – one piece
a-housekeeper,A Housekeeper,26,Chapter 26
a-housekeeper,A Housekeeper,27,Chapter 27
a-midsummer-nightmare,A Midsummer Nightmare,1,Chapter 1
a-midsummer-nightmare,A Midsummer Nightmare,2,Chapter 2
a-midsummer-nightmare,A Midsummer Nightmare,3,Chapter 3
a-midsummer-nightmare,A Midsummer Nightmare,4,Chapter 4
a-wise-drivers-life,A Wise Driver’s Life,1,Chapter 1
a-wise-drivers-life,A Wise Driver’s Life,2,Chapter 2
a-wise-drivers-life,A Wise Driver’s Life,4,Chapter 4
a-wise-drivers-life,A Wise Driver’s Life,5,Chapter 5
a-wise-drivers-life,A Wise Driver’s Life,6,Chapter 6
a-wise-drivers-life,A Wise Driver’s Life,7,Chapter 7
a-wise-drivers-life,A Wise Driver’s Life,8,Chapter 8
a-wise-drivers-life,A Wise Driver’s Life,9,Chapter 9
a-wise-drivers-life,A Wise Driver’s Life,16,Chapter 16
a-wise-drivers-life,A Wise Driver’s Life,18,Chapter 18
a-wise-drivers-life,A Wise Driver’s Life,19,Chapter 19
a-wise-drivers-life,A Wise Driver’s Life,20,Chapter 20
a-wise-drivers-life,A Wise Driver’s Life,21,Chapter 21
a-wise-drivers-life,A Wise Driver’s Life,22,Chapter 22
a-wise-drivers-life,A Wise Driver’s Life,23,Chapter 23
a-wise-drivers-life,A Wise Driver’s Life,24,Chapter 24
a-wise-drivers-life,A Wise Driver’s Life,25,Chapter 25
a-wise-drivers-life,A Wise Driver’s Life,26,Chapter 26
a-wise-drivers-life,A Wise Driver’s Life,27,Chapter 27
a-wise-drivers-life,A Wise Driver’s Life,28,Chapter 28
a-wise-drivers-life,A Wise Driver’s Life,29,Chapter 29
a-wise-drivers-life,A Wise Driver’s Life,30,Chapter 30
a-wise-drivers-life,A Wise Driver’s Life,31,Chapter 31
a-wise-drivers-life,A Wise Driver’s Life,32,Chapter 32
a-wise-drivers-life,A Wise Driver’s Life,33,Chapter 33
a-wise-drivers-life,A Wise Driver’s Life,34,Chapter 34
a-wise-drivers-life,A Wise Driver’s Life,35,Chapter 35
a-wise-drivers-life,A Wise Driver’s Life,36,Chapter 36
a-wise-drivers-life,A Wise Driver’s Life,37,Chapter 37
a-wise-drivers-life,A Wise Driver’s Life,38,Chapter 38
a-wise-drivers-life,A Wise Driver’s Life,39,Chapter 39
a-wise-drivers-life,A Wise Driver’s Life,40,Chapter 40
a-wise-drivers-life,A Wise Driver’s Life,42,Chapter 42
a-wise-drivers-life,A Wise Driver’s Life,43,Chapter 43
a-wise-drivers-life,A Wise Driver’s Life,44,Chapter 44
a-wise-drivers-life,A Wise Driver’s Life,45,Chapter 45
a-wise-drivers-life,A Wise Driver’s Life,46,Chapter 46
a-wise-drivers-life,A Wise Driver’s Life,47,Chapter 47
a-wise-drivers-life,A Wise Driver’s Life,48,Chapter 48
a-wise-drivers-life,A Wise Driver’s Life,50,Chapter 50
a-wise-drivers-life,A Wise Driver’s Life,51,Chapter 51
a-wise-drivers-life,A Wise Driver’s Life,52,Chapter 52
a-wise-drivers-life,A Wise Driver’s Life,53,Chapter 53
a-wise-drivers-life,A Wise Driver’s Life,55,Chapter 55
adamasu-no-majotachi,Adamasu no Majotachi,5,Chapter 5
adamasu-no-majotachi,Adamasu no Majotachi,6,Chapter 6
adamasu-no-majotachi,Adamasu no Majotachi,7,Chapter 7
adamasu-no-majotachi,Adamasu no Majotachi,8,Chapter 8
adegan-saat-aku-melakukan-seks-dengan-ibu,Adegan Saat Aku Melakukan Seks Dengan Ibu,0,Chapter adegan saat aku melakukan seks dengan ibu
administrator-privileges,Administrator Privileges,112,Chapter 112
administrator-privileges,Administrator Privileges,113,Chapter 113
administrator-privileges,Administrator Privileges,114,Chapter 114
administrator-privileges,Administrator Privileges,115,Chapter 115
administrator-privileges,Administrator Privileges,116,Chapter 116
administrator-privileges,Administrator Privileges,117,Chapter 117
administrator-privileges,Administrator Privileges,118,Chapter 118
administrator-privileges,Administrator Privileges,119,Chapter 119
administrator-privileges,Administrator Privileges,120,Chapter 120
administrator-privileges,Administrator Privileges,121,Chapter 121
administrator-privileges,Administrator Privileges,122,Chapter 122
administrator-privileges,Administrator Privileges,123,Chapter 123
administrator-privileges,Administrator Privileges,124,Chapter 124
administrator-privileges,Administrator Privileges,125,Chapter 125
administrator-privileges,Administrator Privileges,126,Chapter 126
administrator-privileges,Administrator Privileges,128,Chapter 128
administrator-privileges,Administrator Privileges,129,Chapter 129
administrator-privileges,Administrator Privileges,131,Chapter 131
administrator-privileges,Administrator Privileges,132,Chapter 132
administrator-privileges,Administrator Privileges,134,Chapter 134
administrator-privileges,Administrator Privileges,135,Chapter 135
administrator-privileges,Administrator Privileges,136,Chapter 136
aimitsu-carameliser,Aimitsu Carameliser,8,Chapter 8
aishiteru-game-wo-owarasetai,Aishiteru Game wo Owarasetai,11,Chapter 11
aishiteru-game-wo-owarasetai,Aishiteru Game wo Owarasetai,19,Chapter 19
akasuri-yubana-no-chizuru-san-jo-no-shou,Akasuri Yubana no Chizuru-san Jo no Shou,0,Chapter akasuri yubana no chizuru-san jo no shou
akuyaku-reijou-level-99-watashi-wa-uraboss-desu-ga-maou-de-wa-arimasen,Akuyaku Reijou Level 99: Watashi wa UraBoss desu ga Maou de wa Arimasen,6,Chapter 6
akuyuu-ni-sasowarete-jukujo-soap-ni-itte-mitara,Akuyuu ni Sasowarete Jukujo Soap ni Itte Mitara,0,Chapter akuyuu ni sasowarete jukujo soap ni itte mitara
ame-nochi-to-nari-no-onee-san,"Ame, Nochi to Nari no Onee-san",1,Chapter 1
an-xxl-dick-to-satisfy-a-married-woman,An XXL Dick to Satisfy a Married Woman,1,Chapter 1
an-xxl-dick-to-satisfy-a-married-woman,An XXL Dick to Satisfy a Married Woman,1.2,Chapter 1.2
an-xxl-dick-to-satisfy-a-married-woman,An XXL Dick to Satisfy a Married Woman,1.3,Chapter 1.3
an-xxl-dick-to-satisfy-a-married-woman,An XXL Dick to Satisfy a Married Woman,2,Chapter 2
an-xxl-dick-to-satisfy-a-married-woman,An XXL Dick to Satisfy a Married Woman,2.2,Chapter 2.2
an-xxl-dick-to-satisfy-a-married-woman,An XXL Dick to Satisfy a Married Woman,2.3,Chapter 2.3
an-xxl-dick-to-satisfy-a-married-woman,An XXL Dick to Satisfy a Married Woman,3,Chapter 3
an-xxl-dick-to-satisfy-a-married-woman,An XXL Dick to Satisfy a Married Woman,3.2,Chapter 3.2
an-xxl-dick-to-satisfy-a-married-woman,An XXL Dick to Satisfy a Married Woman,3.3,Chapter 3.3
an-xxl-dick-to-satisfy-a-married-woman,An XXL Dick to Satisfy a Married Woman,4,Chapter 4
an-xxl-dick-to-satisfy-a-married-woman,An XXL Dick to Satisfy a Married Woman,4.2,Chapter 4.2
an-xxl-dick-to-satisfy-a-married-woman,An XXL Dick to Satisfy a Married Woman,4.3,Chapter 4.3
an-xxl-dick-to-satisfy-a-married-woman,An XXL Dick to Satisfy a Married Woman,5,Chapter 5
an-xxl-dick-to-satisfy-a-married-woman,An XXL Dick to Satisfy a Married Woman,5.2,Chapter 5.2
an-xxl-dick-to-satisfy-a-married-woman,An XXL Dick to Satisfy a Married Woman,5.3,Chapter 5.3
an-xxl-dick-to-satisfy-a-married-woman,An XXL Dick to Satisfy a Married Woman,6,Chapter 6
an-xxl-dick-to-satisfy-a-married-woman,An XXL Dick to Satisfy a Married Woman,6.2,Chapter 6.2
an-xxl-dick-to-satisfy-a-married-woman,An XXL Dick to Satisfy a Married Woman,6.3,Chapter 6.3
an-xxl-dick-to-satisfy-a-married-woman,An XXL Dick to Satisfy a Married Woman,7,Chapter 7
an-xxl-dick-to-satisfy-a-married-woman,An XXL Dick to Satisfy a Married Woman,7.2,Chapter 7.2
an-xxl-dick-to-satisfy-a-married-woman,An XXL Dick to Satisfy a Married Woman,7.3,Chapter 7.3
an-xxl-dick-to-satisfy-a-married-woman,An XXL Dick to Satisfy a Married Woman,8,Chapter 8
an-xxl-dick-to-satisfy-a-married-woman,An XXL Dick to Satisfy a Married Woman,8.2,Chapter 8.2
an-xxl-dick-to-satisfy-a-married-woman,An XXL Dick to Satisfy a Married Woman,8.3,Chapter 8.3
an-xxl-dick-to-satisfy-a-married-woman,An XXL Dick to Satisfy a Married Woman,9,Chapter 9
an-xxl-dick-to-satisfy-a-married-woman,An XXL Dick to Satisfy a Married Woman,9.2,Chapter 9.2
an-xxl-dick-to-satisfy-a-married-woman,An XXL Dick to Satisfy a Married Woman,9.3,Chapter 9.3
analog,Analog,0,Chapter 0
analog,Analog,2,Chapter 2
analog,Analog,3,Chapter 3
analog,Analog,4,Chapter 4
analog,Analog,5,Chapter 5
analog,Analog,6,Chapter 6
analog,Analog,7,Chapter 7
analog,Analog,8,Chapter 8
analog,Analog,9,Chapter 9
anata-no-koto-o-zen-koutei-shite-kureru,Anata no Koto o Zen Koutei shite kureru,1,Chapter 1
ani-to-imouto-no-shitai-shitai-shitai-koto,Ani to Imouto no Shitai Shitai Shitai Koto,7.5,Chapter 7.5
ani-to-imouto-no-shitai-shitai-shitai-koto,Ani to Imouto no Shitai Shitai Shitai Koto,8,Chapter 8
ani-to-imouto-no-shitai-shitai-shitai-koto,Ani to Imouto no Shitai Shitai Shitai Koto,15,Chapter 15
ani-to-imouto-no-shitai-shitai-shitai-koto,Ani to Imouto no Shitai Shitai Shitai Koto,17,Chapter 17
ani-to-imouto-no-shitai-shitai-shitai-koto,Ani to Imouto no Shitai Shitai Shitai Koto,17.1,Chapter 17.1
ankai-no-umi,Ankai no Umi,1,Chapter 1
apa-aku-salah-mendidik-anak,Apa Aku Salah Mendidik Anak,0,Chapter apa aku salah mendidik anak
aqua,Aqua,41,Chapter 41
arasaamama-no-watashi-de-ii-no,Arasaamama no Watashi de Ii no?,23.5,Chapter 23.5
aunt-and-me,Aunt And Me,0,Chapter aunt and me
av-family,AV Family,1,Chapter 1
aware-darkness,Aware Darkness,1,Chapter 1
back-with-a-bang,Back With a Bang,1,Chapter 1
back-with-a-bang,Back With a Bang,2,Chapter 2
back-with-a-bang,Back With a Bang,3,Chapter 3
back-with-a-bang,Back With a Bang,4,Chapter 4
back-with-a-bang,Back With a Bang,5,Chapter 5
back-with-a-bang,Back With a Bang,6,Chapter 6
back-with-a-bang,Back With a Bang,7,Chapter 7
back-with-a-bang,Back With a Bang,8,Chapter 8
back-with-a-bang,Back With a Bang,9,Chapter 9
bandit-nieces,Bandit Nieces,6,Chapter 6
bandit-nieces,Bandit Nieces,7,Chapter 7
bandit-nieces,Bandit Nieces,8,Chapter 8
bandit-nieces,Bandit Nieces,9,Chapter 9
bandit-nieces,Bandit Nieces,11,Chapter 11
bandit-nieces,Bandit Nieces,12,Chapter 12
bandit-nieces,Bandit Nieces,13,Chapter 13
bandit-nieces,Bandit Nieces,14,Chapter 14
bandit-nieces,Bandit Nieces,15,Chapter 15
bandit-nieces,Bandit Nieces,17,Chapter 17
bandit-nieces,Bandit Nieces,19,Chapter 19
bandit-nieces,Bandit Nieces,20,Chapter 20
bandit-nieces,Bandit Nieces,21,Chapter 21
beautiful-days,Beautiful Days,64,Chapter 64
binkan-sugiru-miho-chan-no-yuuutsu,Binkan Sugiru Miho-chan no Yuuutsu,1,Chapter 1
bitch-na-inane-sama,Bitch na Inane-sama,4.5,Chapter 4.5
bitch-na-inane-sama,Bitch na Inane-sama,5,Chapter 5
block-69,Block 69,23,Chapter 23
block-69,Block 69,24,Chapter 24
block-69,Block 69,25,Chapter 25
block-69,Block 69,26,Chapter 26
block-69,Block 69,27,Chapter 27
block-69,Block 69,28,Chapter 28
block-69,Block 69,29,Chapter 29
block-69,Block 69,34,Chapter 34
block-69,Block 69,36,Chapter 36
block-69,Block 69,37,Chapter 37
block-69,Block 69,38,Chapter 38
block-69,Block 69,39,Chapter 39
block-69,Block 69,40,Chapter 40
block-69,Block 69,41,Chapter 41
block-69,Block 69,42,Chapter 42
block-69,Block 69,43,Chapter 43
block-69,Block 69,44,Chapter 44
block-69,Block 69,45,Chapter 45
block-69,Block 69,46,Chapter 46
block-69,Block 69,49,Chapter 49
block-69,Block 69,50,Chapter 50
block-69,Block 69,51,Chapter 51
block-69,Block 69,52,Chapter 52
block-69,Block 69,53,Chapter 53
block-69,Block 69,54,Chapter 54
block-69,Block 69,55,Chapter 55
block-69,Block 69,56,Chapter 56
block-69,Block 69,57,Chapter 57
boarding-school,Boarding School,25,Chapter 25
boarding-school,Boarding School,26,Chapter 26
boarding-school,Boarding School,27,Chapter 27
boarding-school,Boarding School,28,Chapter 28
boarding-school,Boarding School,29,Chapter 29
boarding-school,Boarding School,30,Chapter 30
boarding-school,Boarding School,31,Chapter 31
boarding-school,Boarding School,32,Chapter 32
body-bind,Body Bind,16,Chapter 16
body-bind,Body Bind,17,Chapter 17
body-bind,Body Bind,18,Chapter 18
body-bind,Body Bind,19,Chapter 19
body-bind,Body Bind,20,Chapter 20
body-bind,Body Bind,21,Chapter 21
body-bind,Body Bind,22,Chapter 22
boku-ga-okasanto-konna-koto-ni-natchau-hanashi,Boku Ga Okasanto Konna Koto Ni Natchau Hanashi,0,Chapter 0
boku-igai-inpo-no-sekai-tannin-kyoushi-hen,Boku Igai Inpo no Sekai Tannin Kyoushi Hen,5,Chapter 5
boku-no-geshuku-seikatsu-ni-tsuite,Boku no Geshuku Seikatsu ni Tsuite,2,Chapter 2
boku-no-kokoro-no-eroi-yatsu,Boku no Kokoro no Eroi Yatsu,1,Chapter 1
boku-no-risou-no-isekai-seikatsu-11,Boku no Risou no Isekai Seikatsu 11,1,Chapter 1
boku-to-tomo-mama-no-sefri-keiyaku,Boku to Tomo Mama no SeFri Keiyaku,1,Chapter 1
boss-give-me-your-daughter,Boss! Give Me Your Daughter!,1,Chapter 1
boss-give-me-your-daughter,Boss! Give Me Your Daughter!,2,Chapter 2
boss-give-me-your-daughter,Boss! Give Me Your Daughter!,3,Chapter 3
boss-give-me-your-daughter,Boss! Give Me Your Daughter!,4,Chapter 4
boss-give-me-your-daughter,Boss! Give Me Your Daughter!,5,Chapter 5
boss-give-me-your-daughter,Boss! Give Me Your Daughter!,6,Chapter 6
boss-give-me-your-daughter,Boss! Give Me Your Daughter!,7,Chapter 7
boss-give-me-your-daughter,Boss! Give Me Your Daughter!,8,Chapter 8
boss-give-me-your-daughter,Boss! Give Me Your Daughter!,9,Chapter 9
boss-give-me-your-daughter,Boss! Give Me Your Daughter!,10,Chapter 10
boss-give-me-your-daughter,Boss! Give Me Your Daughter!,11,Chapter 11
boss-give-me-your-daughter,Boss! Give Me Your Daughter!,12,Chapter 12
boss-give-me-your-daughter,Boss! Give Me Your Daughter!,14,Chapter 14
botan-to-sakura,Botan to Sakura,1,Chapter 1
bride-training,Bride Training,42,Chapter 42
bride-training,Bride Training,47,Chapter 47
bride-training,Bride Training,48,Chapter 48
buta-san-to-oyakodon,Buta-san to Oyakodon,1,Chapter 1
by-spring,By Spring,1,Chapter 1
by-spring,By Spring,11,Chapter 11
cafe-anime,Cafe anime,44,Chapter 44
campus-love,Campus Love,33,Chapter 33
campus-love,Campus Love,34,Chapter 34
campus-love,Campus Love,36,Chapter 36
campus-love,Campus Love,39,Chapter 39
charming-girl,Charming Girl,41,Chapter 41
charming-girl,Charming Girl,43,Chapter 43
charming-girl,Charming Girl,44,Chapter 44
charming-girl,Charming Girl,45,Chapter 45
charming-girl,Charming Girl,46,Chapter 46
cheat-skill-shihai-otsukatte-isekai-harem,Cheat Skill “Shihai” Otsukatte Isekai Harem!,9,Chapter 9
chica-mala,Chica Mala,1,Chapter 1
chiyuki-san-no-ecchi-na-satsueikai,Chiyuki-san no Ecchi na Satsueikai,1,Chapter 1
choro-mesu-days,Choro Mesu Days,3,Chapter 3
class-no-idol-no-karada-o-nottotte-mita,Class no Idol no Karada o Nottotte Mita,1,Chapter 1
cleansing-teacher,Cleansing Teacher,0,Chapter 0
club-and-big-boobs,Manga Club and Big Boobs,1,Chapter 1
comic-mobile-legends,Comic Mobile Legends,0,Chapter 0
cosplayer-no-kanojo-to-event-gaeri-ni-ecchi-suru-hon,Cosplayer no Kanojo to Event Gaeri ni Ecchi suru Hon,3,Chapter 3
cryogenic-dreamer,CRYOGENIC DREAMER,1,Chapter 1
daddy-in-law,Daddy-in-Law,1,Chapter 1
daddy-in-law,Daddy-in-Law,2,Chapter 2
daddy-in-law,Daddy-in-Law,3,Chapter 3
daddy-in-law,Daddy-in-Law,4,Chapter 4
daddy-in-law,Daddy-in-Law,5,Chapter 5
daddy-in-law,Daddy-in-Law,6,Chapter 6
daddy-in-law,Daddy-in-Law,7,Chapter 7
daddy-in-law,Daddy-in-Law,8,Chapter 8
daddy-in-law,Daddy-in-Law,9,Chapter 9
daddy-in-law,Daddy-in-Law,10,Chapter 10
daddy-in-law,Daddy-in-Law,11,Chapter 11
daddy-in-law,Daddy-in-Law,12,Chapter 12
daddy-in-law,Daddy-in-Law,13,Chapter 13
daddy-in-law,Daddy-in-Law,14,Chapter 14
daddy-in-law,Daddy-in-Law,15,Chapter 15
daddy-in-law,Daddy-in-Law,16,Chapter 16
daddy-in-law,Daddy-in-Law,17,Chapter 17
daddy-in-law,Daddy-in-Law,19,Chapter 19
daddy-in-law,Daddy-in-Law,20,Chapter 20
daddy-in-law,Daddy-in-Law,22,Chapter 22
daddy-in-law,Daddy-in-Law,23,Chapter 23
daddy-in-law,Daddy-in-Law,24,Chapter 24
daddy-in-law,Daddy-in-Law,25,Chapter 25
daddy-in-law,Daddy-in-Law,27,Chapter 27
daddy-in-law,Daddy-in-Law,28,Chapter 28
daddy-in-law,Daddy-in-Law,29,Chapter 29
daddy-in-law,Daddy-in-Law,30,Chapter 30
daddy-in-law,Daddy-in-Law,31,Chapter 31
daddy-in-law,Daddy-in-Law,32,Chapter 32
daddy-in-law,Daddy-in-Law,33,Chapter 33
daddy-in-law,Daddy-in-Law,34,Chapter 34
daddy-in-law,Daddy-in-Law,35,Chapter 35
daddy-in-law,Daddy-in-Law,36,Chapter 36
daddy-in-law,Daddy-in-Law,37,Chapter 37
daddy-in-law,Daddy-in-Law,38,Chapter 38
daddy-in-law,Daddy-in-Law,40,Chapter 40
daddy-in-law,Daddy-in-Law,41,Chapter 41
daddy-in-law,Daddy-in-Law,42,Chapter 42
daddy-in-law,Daddy-in-Law,43,Chapter 43
daddy-in-law,Daddy-in-Law,44,Chapter 44
daddy-in-law,Daddy-in-Law,45,Chapter 45
daddy-in-law,Daddy-in-Law,46,Chapter 46
daddy-in-law,Daddy-in-Law,47,Chapter 47
dance-departments-female-sunbaes,Dance Department’s Female Sunbaes,67,Chapter 67
dance-departments-female-sunbaes,Dance Department’s Female Sunbaes,68,Chapter 68
dance-departments-female-sunbaes,Dance Department’s Female Sunbaes,77,Chapter 77
dare-mo-okite-wa-naranu,Dare mo Okite wa Naranu,1,Chapter 1
delphinium-madonna,Delphinium Madonna,1,Chapter 1
delphinium-madonna,Delphinium Madonna,2,Chapter 2
department-store-ladies,Department Store Ladies,0,Chapter 0
desperate-housewives,Desperate Housewives,1,Chapter 1
desperate-housewives,Desperate Housewives,2,Chapter 2
desperate-housewives,Desperate Housewives,3,Chapter 3
desperate-housewives,Desperate Housewives,4,Chapter 4
desperate-housewives,Desperate Housewives,5,Chapter 5
desperate-housewives,Desperate Housewives,6,Chapter 6
desperate-housewives,Desperate Housewives,7,Chapter 7
desperate-housewives,Desperate Housewives,8,Chapter 8
desperate-housewives,Desperate Housewives,9,Chapter 9
desperate-housewives,Desperate Housewives,10,Chapter 10
desperate-housewives,Desperate Housewives,11,Chapter 11
desperate-housewives,Desperate Housewives,12,Chapter 12
desperate-housewives,Desperate Housewives,13,Chapter 13
desperate-housewives,Desperate Housewives,15,Chapter 15
desperate-housewives,Desperate Housewives,16,Chapter 16
desperate-housewives,Desperate Housewives,17,Chapter 17
desperate-housewives,Desperate Housewives,18,Chapter 18
desperate-housewives,Desperate Housewives,21,Chapter 21
desperate-housewives,Desperate Housewives,22,Chapter 22
desperate-housewives,Desperate Housewives,23,Chapter 23
desperate-housewives,Desperate Housewives,24,Chapter 24
desperate-housewives,Desperate Housewives,25,Chapter 25
desperate-housewives,Desperate Housewives,26,Chapter 26
desperate-housewives,Desperate Housewives,27,Chapter 27
desperate-housewives,Desperate Housewives,28,Chapter 28
desperate-housewives,Desperate Housewives,29,Chapter 29
desperate-housewives,Desperate Housewives,30,Chapter 30
desperate-housewives,Desperate Housewives,31,Chapter 31
desperate-housewives,Desperate Housewives,32,Chapter 32
desperate-housewives,Desperate Housewives,33,Chapter 33
desperate-housewives,Desperate Housewives,34,Chapter 34
deviant-diary,Deviant Diary,33,Chapter 33
deviant-diary,Deviant Diary,34,Chapter 34
deviant-diary,Deviant Diary,37,Chapter 37
deviant-diary,Deviant Diary,39,Chapter 39
deviant-diary,Deviant Diary,40,Chapter 40
deviant-diary,Deviant Diary,42,Chapter 42
deviant-diary,Deviant Diary,43,Chapter 43
deviant-diary,Deviant Diary,44,Chapter 44
deviant-diary,Deviant Diary,45,Chapter 45
deviant-diary,Deviant Diary,46,Chapter 46
discipline-filming,Discipline Filming,1,Chapter 1
dogeza-de-tanondemita,Dogeza de Tanondemita,1,Chapter 1
dogeza-de-tanondemita,Dogeza de Tanondemita,2,Chapter 2
dogeza-de-tanondemita,Dogeza de Tanondemita,3,Chapter 3
dogeza-de-tanondemita,Dogeza de Tanondemita,4,Chapter 4
dogeza-de-tanondemita,Dogeza de Tanondemita,5,Chapter 5
dogeza-de-tanondemita,Dogeza de Tanondemita,8,Chapter 8
doll-muchi-na-jinzou-otome-tachi,Doll Muchi na Jinzou Otome-tachi,1,Chapter 1
dou-ka-ore-wo-houtte-oitekure,Dou ka Ore wo Houtte Oitekure,12,Chapter 12
dragon-girl,Dragon Girl,1,Chapter 1
each-building-has-its-own-concept,Each Building Has Its Own Concept,1,Chapter 1
each-building-has-its-own-concept,Each Building Has Its Own Concept,6,Chapter 6
each-building-has-its-own-concept,Each Building Has Its Own Concept,8,Chapter 8
each-building-has-its-own-concept,Each Building Has Its Own Concept,14,Chapter 14
each-building-has-its-own-concept,Each Building Has Its Own Concept,30,Chapter 30
each-building-has-its-own-concept,Each Building Has Its Own Concept,32,Chapter 32
each-building-has-its-own-concept,Each Building Has Its Own Concept,33,Chapter 33
each-building-has-its-own-concept,Each Building Has Its Own Concept,36,Chapter 36
each-building-has-its-own-concept,Each Building Has Its Own Concept,39,Chapter 39
each-building-has-its-own-concept,Each Building Has Its Own Concept,40,Chapter 40
ero-the-princess-submits,Ero: The Princess Submits,25,Chapter 25
eroge-yattetara-isekai-ni-tensei-shita-no-de-bishoujo-maou-o-doreika-suru,Eroge Yattetara Isekai ni Tensei shita no de Bishoujo Maou o Doreika suru,0,Chapter 0
everything-is-agreed-upon,Everything Is Agreed Upon,112,Chapter 112
everything-is-agreed-upon,Everything Is Agreed Upon,113,Chapter 113
everything-is-agreed-upon,Everything Is Agreed Upon,114,Chapter 114
everything-is-agreed-upon,Everything Is Agreed Upon,116,Chapter 116
everything-is-agreed-upon,Everything Is Agreed Upon,117,Chapter 117
everything-is-agreed-upon,Everything Is Agreed Upon,118,Chapter 118
everything-is-agreed-upon,Everything Is Agreed Upon,139,Chapter 139
family-control,Family Control,1.1,Chapter 1.1
family-control,Family Control,1.2,Chapter 1.2
fellatio-kenkyuubu,Fellatio Kenkyuubu,1,Chapter 1
fellatio-kenkyuubu,Fellatio Kenkyuubu,2,Chapter 2
fellatio-kenkyuubu,Fellatio Kenkyuubu,3,Chapter 3
fellatio-kenkyuubu,Fellatio Kenkyuubu,4,Chapter 4
fellatio-kenkyuubu,Fellatio Kenkyuubu,5,Chapter 5
fellatio-kenkyuubu,Fellatio Kenkyuubu,6,Chapter 6
floriography,Floriography,1,Chapter 1
friends-atz,Friends (ATZ),21,Chapter 21
friends-atz,Friends (ATZ),22,Chapter 22
friends-atz,Friends (ATZ),23,Chapter 23
friends-atz,Friends (ATZ),26,Chapter 26
friends-atz,Friends (ATZ),27,Chapter 27
friends-atz,Friends (ATZ),28,Chapter 28
friends-atz,Friends (ATZ),29,Chapter 29
friends-atz,Friends (ATZ),32,Chapter 32
friends-atz,Friends (ATZ),36,Chapter 36
friends-atz,Friends (ATZ),37,Chapter 37
friends-atz,Friends (ATZ),38,Chapter 38
friends-atz,Friends (ATZ),39,Chapter 39
friends-or-f-buddies,Friends or F-Buddies?,1,Chapter 1
friends-or-f-buddies,Friends or F-Buddies?,2,Chapter 2
friends-or-f-buddies,Friends or F-Buddies?,3,Chapter 3
friends-or-f-buddies,Friends or F-Buddies?,4,Chapter 4
friends-or-f-buddies,Friends or F-Buddies?,5,Chapter 5
friends-or-f-buddies,Friends or F-Buddies?,6,Chapter 6
friends-or-f-buddies,Friends or F-Buddies?,7,Chapter 7
friends-or-f-buddies,Friends or F-Buddies?,8,Chapter 8
friends-or-f-buddies,Friends or F-Buddies?,9,Chapter 9
friends-with-secret,Friends With Secret,37,Chapter 37
friends-with-secret,Friends With Secret,42,Chapter 42
friends-with-secret,Friends With Secret,50,Chapter 50
fuchou-no-kenshin-sakusei-treatment,Fuchou no Kenshin Sakusei Treatment,1,Chapter 1
gal-sen,Gal sen,4,Chapter 4
gal-sen,Gal sen,5,Chapter 5
gal-sen,Gal sen,6,Chapter 6
gal-sen,Gal sen,8,Chapter 8
gal-sen,Gal sen,9,Chapter 9
gal-sen,Gal sen,12,Chapter 12
gal-sen,Gal sen,15,Chapter 15
gal-sen,Gal sen,16,Chapter 16
gal-sen,Gal sen,17,Chapter 17
gal-sen,Gal sen,23,Chapter 23
gal-sen,Gal sen,25,Chapter 25
gal-sen,Gal sen,26,Chapter 26
gal-sen,Gal sen,29,Chapter 29
gamers,Gamers,72,Chapter 72
gamers,Gamers,73,Chapter 73
gamers,Gamers,74,Chapter 74
gamers,Gamers,75,Chapter 75
gamers,Gamers,76,Chapter 76
ganyu-chan-ga-shigoto-to-seiyoku-shori-o-otetsudai-suru-hon,Ganyu-chan ga Shigoto to Seiyoku Shori o Otetsudai suru Hon,1,Chapter 1
genkai-drake-san,Genkai Drake-san,1,Chapter 1
genkai-dungeon-no-hanshoku-jijou,Genkai Dungeon no Hanshoku Jijou,1,Chapter 1
genkai-dungeon-no-hanshoku-jijou,Genkai Dungeon no Hanshoku Jijou,2,Chapter 2
genkyou-cabecilla,Genkyou ~Cabecilla~,1,Chapter 1
genkyou-cabecilla,Genkyou ~Cabecilla~,2,Chapter 2
genkyou-cabecilla,Genkyou ~Cabecilla~,3,Chapter 3
genkyou-cabecilla,Genkyou ~Cabecilla~,4,Chapter 4
goddess-punishment-game,Goddess’ Punishment Game,1,Chapter 1
gomennasai-senpai,Gomennasai Senpai,1,Chapter 1
good-deeds-of-kane-of-old-guy,Good Deeds of Kane of Old Guy,13.2,Chapter 13.2
got-a-room-uncensored,Got a Room? UNCENSORED,1.1,Chapter 1.1
grade-3-class-5,Grade 3 Class 5,48,Chapter 48
grade-3-class-5,Grade 3 Class 5,49,Chapter 49
great-disciple,Great Disciple,39,Chapter 39
gyakure-banchou,Gyakure Banchou,2,Chapter 2
hana-no-machi-de-waka-chinpo-kadowakasu,Hana no Machi de Waka Chinpo Kadowakasu,1,
hatsujouki-no-shishou-ga-kuru-na-to-itta-no-ni,Hatsujouki no Shishou ga ”Kuru na” to Itta no ni,1,Chapter 1
hentai-elf-to-majime-orc,Hentai Elf to Majime Orc,1,Chapter 1
hentai-elf-to-majime-orc,Hentai Elf to Majime Orc,2,Chapter 2
hentai-elf-to-majime-orc,Hentai Elf to Majime Orc,2.5,Chapter 2.5
hentai-elf-to-majime-orc,Hentai Elf to Majime Orc,3,Chapter 3
hentai-elf-to-majime-orc,Hentai Elf to Majime Orc,3.5,Chapter 3.5
hentai-elf-to-majime-orc,Hentai Elf to Majime Orc,4,Chapter 4
hentai-elf-to-majime-orc,Hentai Elf to Majime Orc,5,Chapter 5
hentai-elf-to-majime-orc,Hentai Elf to Majime Orc,6,Chapter 6
hentai-elf-to-majime-orc,Hentai Elf to Majime Orc,7,Chapter 7
hentai-elf-to-majime-orc,Hentai Elf to Majime Orc,8,Chapter 8
hentai-elf-to-majime-orc,Hentai Elf to Majime Orc,9,Chapter 9
herbal-love-story,Herbal Love Story,16,Chapter 16
hero-kun-wont-set-out,Hero-kun Won’t Set Out!,5.5,Chapter 5.5
hero-no-deban-nante-nakatta,Hero no Deban nante Nakatta,1,Chapter 1
hero-no-deban-nante-nakatta,Hero no Deban nante Nakatta,2,Chapter 2
hikari-chan-no-motto-ecchi-hon,Hikari-chan no Motto Ecchi Hon,1,Chapter 1
hirasaka-hinako-ga-ero-kawaii-koto-wo-ore-dake-ga-shitteiru,Hirasaka Hinako ga Ero Kawaii koto wo Ore dake ga Shitteiru,18,Chapter 18
hissatsu-onee-san,Hissatsu Onee-san,1,Chapter 1
hitozukiai-ga-nigate-na-miboujin-no-yukionna-san,Hitozukiai ga Nigate na Miboujin no Yukionna-san,1.1,Chapter 1.1
hitozukiai-ga-nigate-na-miboujin-no-yukionna-san,Hitozukiai ga Nigate na Miboujin no Yukionna-san,1.2,Chapter 1.2
hokago-no-ressun,Hokago no ressun,1,Chapter 1
hole-shop,Hole Shop,10,Chapter 10
hole-shop,Hole Shop,11,Chapter 11
hole-shop,Hole Shop,12,Chapter 12
hole-shop,Hole Shop,13,Chapter 13
hole-shop,Hole Shop,14,Chapter 14
hole-shop,Hole Shop,15,Chapter 15
hole-shop,Hole Shop,16,Chapter 16
hole-shop,Hole Shop,17,Chapter 17
hole-shop,Hole Shop,18,Chapter 18
hole-shop,Hole Shop,19,Chapter 19
hole-shop,Hole Shop,20,Chapter 20
hole-shop,Hole Shop,21,Chapter 21
hole-shop,Hole Shop,22,Chapter 22
hole-shop,Hole Shop,23,Chapter 23
hole-shop,Hole Shop,24,Chapter 24
hole-shop,Hole Shop,25,Chapter 25
hole-shop,Hole Shop,26,Chapter 26
honey-trap-sharehouse,Honey Trap Sharehouse,1.1,Chapter 1.1
honey-trap-sharehouse,Honey Trap Sharehouse,1.2,Chapter 1.2
honey-trap-sharehouse,Honey Trap Sharehouse,9.5,Chapter 9.5
honey-trap-sharehouse,Honey Trap Sharehouse,10,Chapter 10
hontou-wa-kowai-tomodachi-no-okaa-san,Hontou wa Kowai Tomodachi no Okaa-san,1,Chapter 1
human-scum,Human Scum,2,Chapter 2
human-scum,Human Scum,3,Chapter 3
human-scum,Human Scum,4,Chapter 4
human-scum,Human Scum,9,Chapter 9
human-scum,Human Scum,35,Chapter 35
human-scum,Human Scum,37,Chapter 37
human-scum,Human Scum,43,Chapter 43
human-scum,Human Scum,53,Chapter 53
human-scum,Human Scum,59,Chapter 59
human-scum,Human Scum,68,Chapter 68
hypno-revenge,Hypno Revenge,1,Chapter 1
i-divorced-my-wife,I Divorced My Wife,9,Chapter 9
i-got-eyes-to-see-desire,I Got Eyes to See Desire,48,Chapter 48
i-love-giant-cocks,I Love Giant Cocks,1,Chapter 1
i-love-giant-cocks,I Love Giant Cocks,2,Chapter 2
i-wanna-be-a-daughter-thief,I Wanna Be a Daughter Thief,53,Chapter 53
i-wanna-be-a-daughter-thief,I Wanna Be a Daughter Thief,54,Chapter 54
i-wanna-be-a-daughter-thief,I Wanna Be a Daughter Thief,56,Chapter 56
i-wanna-be-a-daughter-thief,I Wanna Be a Daughter Thief,58,Chapter 58
i-wanna-be-a-daughter-thief,I Wanna Be a Daughter Thief,59,Chapter 59
i-wanna-be-a-daughter-thief,I Wanna Be a Daughter Thief,60,Chapter 60
i-wanna-be-a-daughter-thief,I Wanna Be a Daughter Thief,62,Chapter 62
i-wanna-be-a-daughter-thief,I Wanna Be a Daughter Thief,63,Chapter 63
i-wanna-be-a-daughter-thief,I Wanna Be a Daughter Thief,64,Chapter 64
i-wanna-be-a-daughter-thief,I Wanna Be a Daughter Thief,65,Chapter 65
i-wanna-be-a-daughter-thief,I Wanna Be a Daughter Thief,68,Chapter 68
i-wanna-be-a-daughter-thief,I Wanna Be a Daughter Thief,70,Chapter 70
i-wanna-be-a-daughter-thief,I Wanna Be a Daughter Thief,72,Chapter 72
i-want-to-work-quietly,I Want To Work Quietly,21,
i-want-to-work-quietly,I Want To Work Quietly,22,
i-want-to-work-quietly,I Want To Work Quietly,23,
i-want-to-work-quietly,I Want To Work Quietly,24,
i-want-to-work-quietly,I Want To Work Quietly,25,
i-want-to-work-quietly,I Want To Work Quietly,26,
i-want-to-work-quietly,I Want To Work Quietly,27,
icha-love-amaama-morgan-sama,Icha Love Amaama Morgan-sama,1,Chapter 1
ie-de-munou-to-iware-tsuzuketa-ore-desu-ga-sekaiteki-ni-wa-chou-yuunou-datta-you-desu,"Ie de Munou to Iware Tsuzuketa Ore Desu ga, Sekaiteki ni wa Chou Yuunou Datta you desu",14,Chapter 14
ihou-no-otome,Ihou no Otome,2,Chapter 2
ihou-no-otome,Ihou no Otome,3,Chapter 3
ikiiki-dasshutsu-game-with-chou-chirou-oji-san,Ikiiki Dasshutsu Game with Chou Chirou Oji-san,0,Chapter 0
immortal-swordsman-in-the-reverse-world,Immortal Swordsman in the Reverse World,75,Chapter 75
immortal-swordsman-in-the-reverse-world,Immortal Swordsman in the Reverse World,76,Chapter 76
immortal-swordsman-in-the-reverse-world,Immortal Swordsman in the Reverse World,77,Chapter 77
immortal-swordsman-in-the-reverse-world,Immortal Swordsman in the Reverse World,78,Chapter 78
immortal-swordsman-in-the-reverse-world,Immortal Swordsman in the Reverse World,79,Chapter 79
immortal-swordsman-in-the-reverse-world,Immortal Swordsman in the Reverse World,80,Chapter 80
immortal-swordsman-in-the-reverse-world,Immortal Swordsman in the Reverse World,81,Chapter 81
immortal-swordsman-in-the-reverse-world,Immortal Swordsman in the Reverse World,82,Chapter 82
immortal-swordsman-in-the-reverse-world,Immortal Swordsman in the Reverse World,83,Chapter 83
immortal-swordsman-in-the-reverse-world,Immortal Swordsman in the Reverse World,84,Chapter 84
immortal-swordsman-in-the-reverse-world,Immortal Swordsman in the Reverse World,85,Chapter 85
immortal-swordsman-in-the-reverse-world,Immortal Swordsman in the Reverse World,86,Chapter 86
immortal-swordsman-in-the-reverse-world,Immortal Swordsman in the Reverse World,87,Chapter 87
immortal-swordsman-in-the-reverse-world,Immortal Swordsman in the Reverse World,88,Chapter 88
immortal-swordsman-in-the-reverse-world,Immortal Swordsman in the Reverse World,89,Chapter 89
immortal-swordsman-in-the-reverse-world,Immortal Swordsman in the Reverse World,90,Chapter 90
immortal-swordsman-in-the-reverse-world,Immortal Swordsman in the Reverse World,91,Chapter 91
immortal-swordsman-in-the-reverse-world,Immortal Swordsman in the Reverse World,92,Chapter 92
immortal-swordsman-in-the-reverse-world,Immortal Swordsman in the Reverse World,93,Chapter 93
immortal-swordsman-in-the-reverse-world,Immortal Swordsman in the Reverse World,94,Chapter 94
immortal-swordsman-in-the-reverse-world,Immortal Swordsman in the Reverse World,95,Chapter 95
immortal-swordsman-in-the-reverse-world,Immortal Swordsman in the Reverse World,96,Chapter 96
immortal-swordsman-in-the-reverse-world,Immortal Swordsman in the Reverse World,97,Chapter 97
immortal-swordsman-in-the-reverse-world,Immortal Swordsman in the Reverse World,98,Chapter 98
immortal-swordsman-in-the-reverse-world,Immortal Swordsman in the Reverse World,99,Chapter 99
immortal-swordsman-in-the-reverse-world,Immortal Swordsman in the Reverse World,100,Chapter 100
immortal-swordsman-in-the-reverse-world,Immortal Swordsman in the Reverse World,101,Chapter 101
immortal-swordsman-in-the-reverse-world,Immortal Swordsman in the Reverse World,102,Chapter 102
immortal-swordsman-in-the-reverse-world,Immortal Swordsman in the Reverse World,103,Chapter 103
immortal-swordsman-in-the-reverse-world,Immortal Swordsman in the Reverse World,106,Chapter 106
immortal-swordsman-in-the-reverse-world,Immortal Swordsman in the Reverse World,107,Chapter 107
immortal-swordsman-in-the-reverse-world,Immortal Swordsman in the Reverse World,108,Chapter 108
immortal-swordsman-in-the-reverse-world,Immortal Swordsman in the Reverse World,109,Chapter 109
immortal-swordsman-in-the-reverse-world,Immortal Swordsman in the Reverse World,111,Chapter 111
immortal-swordsman-in-the-reverse-world,Immortal Swordsman in the Reverse World,112,Chapter 112
immortal-swordsman-in-the-reverse-world,Immortal Swordsman in the Reverse World,113,Chapter 113
immortal-swordsman-in-the-reverse-world,Immortal Swordsman in the Reverse World,114,Chapter 114
immortal-swordsman-in-the-reverse-world,Immortal Swordsman in the Reverse World,116,Chapter 116
immortal-swordsman-in-the-reverse-world,Immortal Swordsman in the Reverse World,117,Chapter 117
immortal-swordsman-in-the-reverse-world,Immortal Swordsman in the Reverse World,118,Chapter 118
immortal-swordsman-in-the-reverse-world,Immortal Swordsman in the Reverse World,119,Chapter 119
immortal-swordsman-in-the-reverse-world,Immortal Swordsman in the Reverse World,122,Chapter 122
immortal-swordsman-in-the-reverse-world,Immortal Swordsman in the Reverse World,123,Chapter 123
immortal-swordsman-in-the-reverse-world,Immortal Swordsman in the Reverse World,124,Chapter 124
immortal-swordsman-in-the-reverse-world,Immortal Swordsman in the Reverse World,125,Chapter 125
immortal-swordsman-in-the-reverse-world,Immortal Swordsman in the Reverse World,126,Chapter 126
immortal-swordsman-in-the-reverse-world,Immortal Swordsman in the Reverse World,127,Chapter 127
immortal-swordsman-in-the-reverse-world,Immortal Swordsman in the Reverse World,128,Chapter 128
immortal-swordsman-in-the-reverse-world,Immortal Swordsman in the Reverse World,130,Chapter 130
immortal-swordsman-in-the-reverse-world,Immortal Swordsman in the Reverse World,131,Chapter 131
immortal-swordsman-in-the-reverse-world,Immortal Swordsman in the Reverse World,132,Chapter 132
immortal-swordsman-in-the-reverse-world,Immortal Swordsman in the Reverse World,134,Chapter 134
immortal-swordsman-in-the-reverse-world,Immortal Swordsman in the Reverse World,135,Chapter 135
immortal-swordsman-in-the-reverse-world,Immortal Swordsman in the Reverse World,136,Chapter 136
immortal-swordsman-in-the-reverse-world,Immortal Swordsman in the Reverse World,137,Chapter 137
immortal-swordsman-in-the-reverse-world,Immortal Swordsman in the Reverse World,138,Chapter 138
immortal-swordsman-in-the-reverse-world,Immortal Swordsman in the Reverse World,139,Chapter 139
immortal-swordsman-in-the-reverse-world,Immortal Swordsman in the Reverse World,140,Chapter 140
immortal-swordsman-in-the-reverse-world,Immortal Swordsman in the Reverse World,141,Chapter 141
immortal-swordsman-in-the-reverse-world,Immortal Swordsman in the Reverse World,143,Chapter 143
immortal-swordsman-in-the-reverse-world,Immortal Swordsman in the Reverse World,144,Chapter 144
immortal-swordsman-in-the-reverse-world,Immortal Swordsman in the Reverse World,145,Chapter 145
immortal-swordsman-in-the-reverse-world,Immortal Swordsman in the Reverse World,146,Chapter 146
immortal-swordsman-in-the-reverse-world,Immortal Swordsman in the Reverse World,148,Chapter 148
immortal-swordsman-in-the-reverse-world,Immortal Swordsman in the Reverse World,149,Chapter 149
immortal-swordsman-in-the-reverse-world,Immortal Swordsman in the Reverse World,150,Chapter 150
immortal-swordsman-in-the-reverse-world,Immortal Swordsman in the Reverse World,151,Chapter 151
immortal-swordsman-in-the-reverse-world,Immortal Swordsman in the Reverse World,152,Chapter 152
immortal-swordsman-in-the-reverse-world,Immortal Swordsman in the Reverse World,153,Chapter 153
immortal-swordsman-in-the-reverse-world,Immortal Swordsman in the Reverse World,155,Chapter 155
immortal-swordsman-in-the-reverse-world,Immortal Swordsman in the Reverse World,208,Chapter 208
immortal-swordsman-in-the-reverse-world,Immortal Swordsman in the Reverse World,209,Chapter 209
immortal-swordsman-in-the-reverse-world,Immortal Swordsman in the Reverse World,211,Chapter 211
immortal-swordsman-in-the-reverse-world,Immortal Swordsman in the Reverse World,213,Chapter 213
immortal-swordsman-in-the-reverse-world,Immortal Swordsman in the Reverse World,214,Chapter 214
immortal-swordsman-in-the-reverse-world,Immortal Swordsman in the Reverse World,215,Chapter 215
immortal-swordsman-in-the-reverse-world,Immortal Swordsman in the Reverse World,216,Chapter 216
immortal-swordsman-in-the-reverse-world,Immortal Swordsman in the Reverse World,217,Chapter 217
immortal-swordsman-in-the-reverse-world,Immortal Swordsman in the Reverse World,219,Chapter 219
immortal-swordsman-in-the-reverse-world,Immortal Swordsman in the Reverse World,220,Chapter 220
immortal-swordsman-in-the-reverse-world,Immortal Swordsman in the Reverse World,221,Chapter 221
immortal-swordsman-in-the-reverse-world,Immortal Swordsman in the Reverse World,222,Chapter 222
immortal-swordsman-in-the-reverse-world,Immortal Swordsman in the Reverse World,223,Chapter 223
immortal-swordsman-in-the-reverse-world,Immortal Swordsman in the Reverse World,224,Chapter 224
immortal-swordsman-in-the-reverse-world,Immortal Swordsman in the Reverse World,225,Chapter 225
immortal-swordsman-in-the-reverse-world,Immortal Swordsman in the Reverse World,226,Chapter 226
immortal-swordsman-in-the-reverse-world,Immortal Swordsman in the Reverse World,227,Chapter 227
immortal-swordsman-in-the-reverse-world,Immortal Swordsman in the Reverse World,228,Chapter 228
immortal-swordsman-in-the-reverse-world,Immortal Swordsman in the Reverse World,230,Chapter 230
immortal-swordsman-in-the-reverse-world,Immortal Swordsman in the Reverse World,232,Chapter 232
immortal-swordsman-in-the-reverse-world,Immortal Swordsman in the Reverse World,234,Chapter 234
immortal-swordsman-in-the-reverse-world,Immortal Swordsman in the Reverse World,235,Chapter 235
immortal-swordsman-in-the-reverse-world,Immortal Swordsman in the Reverse World,236,Chapter 236
immortal-swordsman-in-the-reverse-world,Immortal Swordsman in the Reverse World,238,Chapter 238
immortal-swordsman-in-the-reverse-world,Immortal Swordsman in the Reverse World,239,Chapter 239
immortal-swordsman-in-the-reverse-world,Immortal Swordsman in the Reverse World,240,Chapter 240
immortal-swordsman-in-the-reverse-world,Immortal Swordsman in the Reverse World,241,Chapter 241
immortal-swordsman-in-the-reverse-world,Immortal Swordsman in the Reverse World,242,Chapter 242
immortal-swordsman-in-the-reverse-world,Immortal Swordsman in the Reverse World,243,Chapter 243
immortal-swordsman-in-the-reverse-world,Immortal Swordsman in the Reverse World,244,Chapter 244
immortal-swordsman-in-the-reverse-world,Immortal Swordsman in the Reverse World,245,Chapter 245
immortal-swordsman-in-the-reverse-world,Immortal Swordsman in the Reverse World,246,Chapter 246
immortal-swordsman-in-the-reverse-world,Immortal Swordsman in the Reverse World,247,Chapter 247
immortal-swordsman-in-the-reverse-world,Immortal Swordsman in the Reverse World,248,Chapter 248
immortal-swordsman-in-the-reverse-world,Immortal Swordsman in the Reverse World,249,Chapter 249
immortal-swordsman-in-the-reverse-world,Immortal Swordsman in the Reverse World,250,Chapter 250
immortal-swordsman-in-the-reverse-world,Immortal Swordsman in the Reverse World,251,Chapter 251
immortal-swordsman-in-the-reverse-world,Immortal Swordsman in the Reverse World,252,Chapter 252
immortal-swordsman-in-the-reverse-world,Immortal Swordsman in the Reverse World,253,Chapter 253
immortal-swordsman-in-the-reverse-world,Immortal Swordsman in the Reverse World,254,Chapter 254
immortal-swordsman-in-the-reverse-world,Immortal Swordsman in the Reverse World,255,Chapter 255
immortal-swordsman-in-the-reverse-world,Immortal Swordsman in the Reverse World,256,Chapter 256
immortal-swordsman-in-the-reverse-world,Immortal Swordsman in the Reverse World,257,Chapter 257
immortal-swordsman-in-the-reverse-world,Immortal Swordsman in the Reverse World,258,Chapter 258
immortal-swordsman-in-the-reverse-world,Immortal Swordsman in the Reverse World,260,Chapter 260
immortal-swordsman-in-the-reverse-world,Immortal Swordsman in the Reverse World,261,Chapter 261
immortal-swordsman-in-the-reverse-world,Immortal Swordsman in the Reverse World,262,Chapter 262
immortal-swordsman-in-the-reverse-world,Immortal Swordsman in the Reverse World,263,Chapter 263
immortal-swordsman-in-the-reverse-world,Immortal Swordsman in the Reverse World,264,Chapter 264
immortal-swordsman-in-the-reverse-world,Immortal Swordsman in the Reverse World,265,Chapter 265
immortal-swordsman-in-the-reverse-world,Immortal Swordsman in the Reverse World,266,Chapter 266
immortal-swordsman-in-the-reverse-world,Immortal Swordsman in the Reverse World,267,Chapter 267
immortal-swordsman-in-the-reverse-world,Immortal Swordsman in the Reverse World,268,Chapter 268
immortal-swordsman-in-the-reverse-world,Immortal Swordsman in the Reverse World,269,Chapter 269
immortal-swordsman-in-the-reverse-world,Immortal Swordsman in the Reverse World,270,Chapter 270
immortal-swordsman-in-the-reverse-world,Immortal Swordsman in the Reverse World,271,Chapter 271
immortal-swordsman-in-the-reverse-world,Immortal Swordsman in the Reverse World,272,Chapter 272
immortal-swordsman-in-the-reverse-world,Immortal Swordsman in the Reverse World,273,Chapter 273
immortal-swordsman-in-the-reverse-world,Immortal Swordsman in the Reverse World,274,Chapter 274
in-love-with-the-friends-mother,In Love With the Friend’s Mother,13,Chapter 13
in-love-with-the-friends-mother,In Love With the Friend’s Mother,14,Chapter 14
in-love-with-the-friends-mother,In Love With the Friend’s Mother,15,Chapter 15
in-love-with-the-friends-mother,In Love With the Friend’s Mother,16,Chapter 16
in-love-with-the-friends-mother,In Love With the Friend’s Mother,17,Chapter 17
in-love-with-the-friends-mother,In Love With the Friend’s Mother,18,Chapter 18
in-love-with-the-friends-mother,In Love With the Friend’s Mother,19,Chapter 19
in-love-with-the-friends-mother,In Love With the Friend’s Mother,20,Chapter 20
in-love-with-the-friends-mother,In Love With the Friend’s Mother,21,Chapter 21
in-love-with-the-friends-mother,In Love With the Friend’s Mother,24,Chapter 24
in-love-with-the-friends-mother,In Love With the Friend’s Mother,25,Chapter 25
in-love-with-the-friends-mother,In Love With the Friend’s Mother,26,Chapter 26
in-love-with-the-friends-mother,In Love With the Friend’s Mother,27,Chapter 27
in-love-with-the-friends-mother,In Love With the Friend’s Mother,28,Chapter 28
in-love-with-the-friends-mother,In Love With the Friend’s Mother,29,Chapter 29
in-love-with-the-friends-mother,In Love With the Friend’s Mother,30,Chapter 30
in-love-with-the-friends-mother,In Love With the Friend’s Mother,31,Chapter 31
in-love-with-the-friends-mother,In Love With the Friend’s Mother,33,Chapter 33
in-love-with-the-friends-mother,In Love With the Friend’s Mother,35,Chapter 35
in-love-with-the-friends-mother,In Love With the Friend’s Mother,36,Chapter 36
incha-na-ore-ga-madougu-o-tsukatte-share-house-de-harem-o-tsukutte-mita,InCha na Ore ga Madougu o Tsukatte Share House de Harem o Tsukutte Mita,5,Chapter 5
inkya-no-boku-ni-batsu-game-ni-kokuhaku-shitekita-hazu-no-gyaru-ga-doumitemo-boku-ni-betahore-desu,"Inkya no Boku ni Batsu Game ni Kokuhaku Shitekita Hazu no Gyaru ga, Doumitemo Boku ni Betahore Desu",3,Chapter 3
inkya-no-boku-ni-batsu-game-ni-kokuhaku-shitekita-hazu-no-gyaru-ga-doumitemo-boku-ni-betahore-desu,"Inkya no Boku ni Batsu Game ni Kokuhaku Shitekita Hazu no Gyaru ga, Doumitemo Boku ni Betahore Desu",8,Chapter 8
intern-haenyeo,Intern Haenyeo,9,Chapter 9
intern-haenyeo,Intern Haenyeo,102,Chapter 102
interrupted-innocence,Interrupted Innocence,6,Chapter 6
interrupted-innocence,Interrupted Innocence,8,Chapter 8
interrupted-innocence,Interrupted Innocence,9,Chapter 9
interrupted-innocence,Interrupted Innocence,10,Chapter 10
interrupted-innocence,Interrupted Innocence,11,Chapter 11
interrupted-innocence,Interrupted Innocence,12,Chapter 12
interrupted-innocence,Interrupted Innocence,13,Chapter 13
interrupted-innocence,Interrupted Innocence,55,Chapter 55
iribitari-gal-ni-manko-tsukawasete-morau-hanashi,Iribitari Gal ni Manko Tsukawasete Morau Hanashi,1,Chapter 1
iribitari-gal-ni-manko-tsukawasete-morau-hanashi,Iribitari Gal ni Manko Tsukawasete Morau Hanashi,5,Chapter 5
isekai-koushoku-musou-roku,Isekai koushoku Musou Roku,1,Chapter 1
isekai-koushoku-musou-roku,Isekai koushoku Musou Roku,9,Chapter 9
isekai-koushoku-musou-roku,Isekai koushoku Musou Roku,11,Chapter 11
isekai-ntr-shinyuu-no-onna-wo-saikyou-skill-de-otosu-houhou,Isekai NTR ~Shinyuu no Onna wo Saikyou Skill de Otosu Houhou~,1.1,Chapter 1.1
isekai-ntr-shinyuu-no-onna-wo-saikyou-skill-de-otosu-houhou,Isekai NTR ~Shinyuu no Onna wo Saikyou Skill de Otosu Houhou~,1.2,Chapter 1.2
isekai-ntr-shinyuu-no-onna-wo-saikyou-skill-de-otosu-houhou,Isekai NTR ~Shinyuu no Onna wo Saikyou Skill de Otosu Houhou~,26,Chapter 26
isekai-saikouhou-no-guild-leader,Isekai Saikouhou no Guild Leader,4,Chapter 4
ishu-renai-sono,Ishu Renai Sono,4,Chapter 4
island-girl,Island Girl,1,Chapter 1
island-girl,Island Girl,14,Chapter 14
issho-ni-kurashite-ii-desu-ka,Issho ni Kurashite ii desu ka?,8,Chapter 8
itabasami-na-wakachi-ai,Itabasami na Wakachi Ai,2,Chapter 2
itd-be-nice-to-do-it-in-prison,It’d Be Nice to Do It in Prison,0,Chapter 0
jidaraku-makina-no-seikatsu,Jidaraku Makina no Seikatsu,1,Chapter 1
jikan-teishi-yuusha,Jikan Teishi Yuusha,4,Chapter 4
ju-nen-no-koi-yori-isshukan-no-sei-rebirthweek,Jū-nen no koi yori isshūkan no sei -RebirthWeek-,3,Chapter 3
jukujo-juice-mesu-mamire-mtl,Jukujo Juice Mesu-mamire (MTL),2,Chapter 2
jukumitsuki-intouden,Jukumitsuki Intouden,3.1,Chapter 3.1
jukumitsuki-intouden,Jukumitsuki Intouden,3.2,Chapter 3.2
jyoshi-luck-2-years-later,Jyoshi Luck 2 Years Later,1.5,Chapter 1.5
jyoshi-luck-2-years-later,Jyoshi Luck 2 Years Later,2,Chapter 2
jyoshi-luck-2-years-later,Jyoshi Luck 2 Years Later,4.5,Chapter 4.5
jyoshi-luck-2-years-later,Jyoshi Luck 2 Years Later,5,Chapter 5
jyoshi-luck-2-years-later,Jyoshi Luck 2 Years Later,5.5,Chapter 5.5
jyoshi-luck-2-years-later,Jyoshi Luck 2 Years Later,6,Chapter 6
jyoshi-luck-2-years-later,Jyoshi Luck 2 Years Later,8.5,Chapter 8.5
jyoshi-luck-2-years-later,Jyoshi Luck 2 Years Later,9,Chapter 9
jyoshi-luck-2-years-later,Jyoshi Luck 2 Years Later,10.1,Chapter 10.1
jyoshi-luck-2-years-later,Jyoshi Luck 2 Years Later,10.2,Chapter 10.2
jyoshi-luck-after-school,Jyoshi Luck After School,1,Chapter 1
kaerenai-futari,Kaerenai Futari,3,Chapter 3
kaisha-no-madonna-to-lucky-de-yareta-hanashi,Kaisha no Madonna to Lucky de Yareta Hanashi,1,Chapter 1
kaisha-no-madonna-to-lucky-de-yareta-hanashi,Kaisha no Madonna to Lucky de Yareta Hanashi,2,Chapter 2
kaizoku-kyonyuu-wa,Kaizoku kyonyuu Wa,1,Chapter 1
kangcheols-bosses,Kangcheol’s Bosses,13.2,Chapter 13.2
kangsae-the-strong,Kangsae the Strong,1,Chapter 1
kanna-ga-daijoubu-tte-iu-nara,Kanna ga Daijoubu tte Iu nara,1,Chapter 1
kanojo-ni-uwaki-sareteita-ore-ga-koakuma-na-kouhai-ni-natsukarete-imasu,Kanojo ni Uwaki Sareteita Ore ga Koakuma na Kouhai ni Natsukarete Imasu,16,Chapter 16
kanojo-no-tomodachi,Kanojo no Tomodachi,19,Chapter 19
kansai-ben-tsuri-joshi-takusan-tsuriko-no-kin-kasegi,Kansai-ben Tsuri Joshi -Takusan Tsuriko no Kin Kasegi,1,Chapter 1
kaori-takai-kenshin,Kaori takai kenshin,1,Chapter 1
kayoizuma-no-miboujin,Kayoizuma no Miboujin,1,Chapter 1
keep-it-a-secret-from-your-mother,Keep It a Secret From Your Mother!,100.5,Chapter 100.5
keep-it-a-secret-from-your-mother-2,Keep it A Secret From Your Mother,1,Chapter 1
keep-it-a-secret-from-your-mother-2,Keep it A Secret From Your Mother,2,Chapter 2
keep-it-a-secret-from-your-mother-2,Keep it A Secret From Your Mother,3,Chapter 3
keep-it-a-secret-from-your-mother-2,Keep it A Secret From Your Mother,4,Chapter 4
keep-it-a-secret-from-your-mother-2,Keep it A Secret From Your Mother,5,Chapter 5
keep-it-a-secret-from-your-mother-2,Keep it A Secret From Your Mother,6,Chapter 6
keep-it-a-secret-from-your-mother-2,Keep it A Secret From Your Mother,7,Chapter 7
keep-it-a-secret-from-your-mother-2,Keep it A Secret From Your Mother,8,Chapter 8
keep-it-a-secret-from-your-mother-2,Keep it A Secret From Your Mother,9,Chapter 9
keep-it-a-secret-from-your-mother-2,Keep it A Secret From Your Mother,10,Chapter 10
keep-it-a-secret-from-your-mother-2,Keep it A Secret From Your Mother,11,Chapter 11
keep-it-a-secret-from-your-mother-2,Keep it A Secret From Your Mother,12,Chapter 12
keep-it-a-secret-from-your-mother-2,Keep it A Secret From Your Mother,13,Chapter 13
keep-it-a-secret-from-your-mother-2,Keep it A Secret From Your Mother,14,Chapter 14
keep-it-a-secret-from-your-mother-2,Keep it A Secret From Your Mother,15,Chapter 15
keep-it-a-secret-from-your-mother-2,Keep it A Secret From Your Mother,16,Chapter 16
keep-it-a-secret-from-your-mother-2,Keep it A Secret From Your Mother,17,Chapter 17
keep-it-a-secret-from-your-mother-2,Keep it A Secret From Your Mother,18,Chapter 18
keep-it-a-secret-from-your-mother-2,Keep it A Secret From Your Mother,19,Chapter 19
keep-it-a-secret-from-your-mother-2,Keep it A Secret From Your Mother,20,Chapter 20
keep-it-a-secret-from-your-mother-2,Keep it A Secret From Your Mother,21,Chapter 21
keep-it-a-secret-from-your-mother-2,Keep it A Secret From Your Mother,22,Chapter 22
keep-it-a-secret-from-your-mother-2,Keep it A Secret From Your Mother,23,Chapter 23
keep-it-a-secret-from-your-mother-2,Keep it A Secret From Your Mother,24,Chapter 24
keep-it-a-secret-from-your-mother-2,Keep it A Secret From Your Mother,25,Chapter 25
keep-it-a-secret-from-your-mother-2,Keep it A Secret From Your Mother,26,Chapter 26
keep-it-a-secret-from-your-mother-2,Keep it A Secret From Your Mother,27,Chapter 27
keep-it-a-secret-from-your-mother-2,Keep it A Secret From Your Mother,28,Chapter 28
keep-it-a-secret-from-your-mother-2,Keep it A Secret From Your Mother,29,Chapter 29
keep-it-a-secret-from-your-mother-2,Keep it A Secret From Your Mother,30,Chapter 30
keep-it-a-secret-from-your-mother-2,Keep it A Secret From Your Mother,31,Chapter 31
keep-it-a-secret-from-your-mother-2,Keep it A Secret From Your Mother,32,Chapter 32
keep-it-a-secret-from-your-mother-2,Keep it A Secret From Your Mother,33,Chapter 33
keep-it-a-secret-from-your-mother-2,Keep it A Secret From Your Mother,34,Chapter 34
keep-it-a-secret-from-your-mother-2,Keep it A Secret From Your Mother,35,Chapter 35
keep-it-a-secret-from-your-mother-2,Keep it A Secret From Your Mother,36,Chapter 36
keep-it-a-secret-from-your-mother-2,Keep it A Secret From Your Mother,37,Chapter 37
keep-it-a-secret-from-your-mother-2,Keep it A Secret From Your Mother,38,Chapter 38
keep-it-a-secret-from-your-mother-2,Keep it A Secret From Your Mother,39,Chapter 39
keep-it-a-secret-from-your-mother-2,Keep it A Secret From Your Mother,40,Chapter 40
keep-it-a-secret-from-your-mother-2,Keep it A Secret From Your Mother,41,Chapter 41
keep-it-a-secret-from-your-mother-2,Keep it A Secret From Your Mother,42,Chapter 42
keep-it-a-secret-from-your-mother-2,Keep it A Secret From Your Mother,43,Chapter 43
keep-it-a-secret-from-your-mother-2,Keep it A Secret From Your Mother,44,Chapter 44
keep-it-a-secret-from-your-mother-2,Keep it A Secret From Your Mother,45,Chapter 45
keep-it-a-secret-from-your-mother-2,Keep it A Secret From Your Mother,46,Chapter 46
keep-it-a-secret-from-your-mother-2,Keep it A Secret From Your Mother,47,Chapter 47
keep-it-a-secret-from-your-mother-2,Keep it A Secret From Your Mother,48,Chapter 48
keep-it-a-secret-from-your-mother-2,Keep it A Secret From Your Mother,49,Chapter 49
keep-it-a-secret-from-your-mother-2,Keep it A Secret From Your Mother,50,Chapter 50
keep-it-a-secret-from-your-mother-2,Keep it A Secret From Your Mother,51,Chapter 51
keep-it-a-secret-from-your-mother-2,Keep it A Secret From Your Mother,52,Chapter 52
keep-it-a-secret-from-your-mother-2,Keep it A Secret From Your Mother,53,Chapter 53
keep-it-a-secret-from-your-mother-2,Keep it A Secret From Your Mother,54,Chapter 54
keep-it-a-secret-from-your-mother-2,Keep it A Secret From Your Mother,55,Chapter 55
keep-it-a-secret-from-your-mother-2,Keep it A Secret From Your Mother,56,Chapter 56
keep-it-a-secret-from-your-mother-2,Keep it A Secret From Your Mother,57,Chapter 57
keep-it-a-secret-from-your-mother-2,Keep it A Secret From Your Mother,58,Chapter 58
keep-it-a-secret-from-your-mother-2,Keep it A Secret From Your Mother,59,Chapter 59
keep-it-a-secret-from-your-mother-2,Keep it A Secret From Your Mother,60,Chapter 60
keep-it-a-secret-from-your-mother-2,Keep it A Secret From Your Mother,61,Chapter 61
keep-it-a-secret-from-your-mother-2,Keep it A Secret From Your Mother,62,Chapter 62
keep-it-a-secret-from-your-mother-2,Keep it A Secret From Your Mother,63,Chapter 63
keep-it-a-secret-from-your-mother-2,Keep it A Secret From Your Mother,64,Chapter 64
keep-it-a-secret-from-your-mother-2,Keep it A Secret From Your Mother,65,Chapter 65
keep-it-a-secret-from-your-mother-2,Keep it A Secret From Your Mother,66,Chapter 66
keep-it-a-secret-from-your-mother-2,Keep it A Secret From Your Mother,67,Chapter 67
keep-it-a-secret-from-your-mother-2,Keep it A Secret From Your Mother,68,Chapter 68
keep-it-a-secret-from-your-mother-2,Keep it A Secret From Your Mother,69,Chapter 69
keep-it-a-secret-from-your-mother-2,Keep it A Secret From Your Mother,70,Chapter 70
keep-it-a-secret-from-your-mother-2,Keep it A Secret From Your Mother,71,Chapter 71
keep-it-a-secret-from-your-mother-2,Keep it A Secret From Your Mother,72,Chapter 72
keep-it-a-secret-from-your-mother-2,Keep it A Secret From Your Mother,73,Chapter 73
keep-it-a-secret-from-your-mother-2,Keep it A Secret From Your Mother,74,Chapter 74
keep-it-a-secret-from-your-mother-2,Keep it A Secret From Your Mother,75,Chapter 75
keep-it-a-secret-from-your-mother-2,Keep it A Secret From Your Mother,76,Chapter 76
keep-it-a-secret-from-your-mother-2,Keep it A Secret From Your Mother,77,Chapter 77
keep-it-a-secret-from-your-mother-2,Keep it A Secret From Your Mother,78,Chapter 78
keep-it-a-secret-from-your-mother-2,Keep it A Secret From Your Mother,79,Chapter 79
keep-it-a-secret-from-your-mother-2,Keep it A Secret From Your Mother,80,Chapter 80
keep-it-a-secret-from-your-mother-2,Keep it A Secret From Your Mother,81,Chapter 81
keep-it-a-secret-from-your-mother-2,Keep it A Secret From Your Mother,82,Chapter 82
keep-it-a-secret-from-your-mother-2,Keep it A Secret From Your Mother,83,Chapter 83
keep-it-a-secret-from-your-mother-2,Keep it A Secret From Your Mother,84,Chapter 84
keep-it-a-secret-from-your-mother-2,Keep it A Secret From Your Mother,85,Chapter 85
keep-it-a-secret-from-your-mother-2,Keep it A Secret From Your Mother,86,Chapter 86
keep-it-a-secret-from-your-mother-2,Keep it A Secret From Your Mother,87,Chapter 87
keep-it-a-secret-from-your-mother-2,Keep it A Secret From Your Mother,88,Chapter 88
keep-it-a-secret-from-your-mother-2,Keep it A Secret From Your Mother,89,Chapter 89
keep-it-a-secret-from-your-mother-2,Keep it A Secret From Your Mother,90,Chapter 90
keep-it-a-secret-from-your-mother-2,Keep it A Secret From Your Mother,91,Chapter 91
keep-it-a-secret-from-your-mother-2,Keep it A Secret From Your Mother,92,Chapter 92
keep-it-a-secret-from-your-mother-2,Keep it A Secret From Your Mother,93,Chapter 93
keep-it-a-secret-from-your-mother-2,Keep it A Secret From Your Mother,94,Chapter 94
keep-it-a-secret-from-your-mother-2,Keep it A Secret From Your Mother,95,Chapter 95
keep-it-a-secret-from-your-mother-2,Keep it A Secret From Your Mother,96,Chapter 96
keep-it-a-secret-from-your-mother-2,Keep it A Secret From Your Mother,97,Chapter 97
keep-it-a-secret-from-your-mother-2,Keep it A Secret From Your Mother,98,Chapter 98
keep-it-a-secret-from-your-mother-2,Keep it A Secret From Your Mother,99,Chapter 99
keep-it-a-secret-from-your-mother-2,Keep it A Secret From Your Mother,100,Chapter 100
kenshin-nadeshiko,Kenshin Nadeshiko,0,Chapter 0
kenshin-nadeshiko,Kenshin Nadeshiko,1.5,Chapter 1.5
kenshin-nadeshiko,Kenshin Nadeshiko,2,Chapter 2
kenshin-nadeshiko,Kenshin Nadeshiko,4.5,Chapter 4.5
kichiku-eiyuu,Kichiku Eiyuu,8.5,Chapter 8.5
kichiku-eiyuu,Kichiku Eiyuu,9,Chapter 9
kichiku-eiyuu,Kichiku Eiyuu,15.5,Chapter 15.5
kichiku-eiyuu,Kichiku Eiyuu,16,Chapter 16
kichiku-eiyuu,Kichiku Eiyuu,24,Chapter 24
kichiku-eiyuu,Kichiku Eiyuu,49,Chapter 49
kichiku-eiyuu,Kichiku Eiyuu,50,Chapter 50
kichiku-eiyuu,Kichiku Eiyuu,51,Chapter 51
kichiku-eiyuu,Kichiku Eiyuu,52,Chapter 52
kichiku-eiyuu,Kichiku Eiyuu,53,Chapter 53
kichiku-eiyuu,Kichiku Eiyuu,54,Chapter 54
kichiku-eiyuu,Kichiku Eiyuu,55,Chapter 55
kichiku-eiyuu,Kichiku Eiyuu,56,Chapter 56
kin-tra-forbidden-%e2%99%a1-training,Kin Tra Forbidden ♡ Training,1,Chapter 1
kindan-no-scatology-lez,Kindan No Scatology Lez,1,Chapter 1
king-of-delusions,King of Delusions,4,Chapter 4
king-of-delusions,King of Delusions,5,Chapter 5
king-of-delusions,King of Delusions,7,Chapter 7
king-of-delusions,King of Delusions,8,Chapter 8
kinjo-no-hitozuma-san-miki-san,Kinjo no Hitozuma-san Miki-san,1,Chapter 1
kinkfolder-zip,KinkFolder.ZIP,3,Chapter 3
kinkfolder-zip,KinkFolder.ZIP,6,Chapter 6
kinkfolder-zip,KinkFolder.ZIP,9,Chapter 9
kinkfolder-zip,KinkFolder.ZIP,10,Chapter 10
kinkfolder-zip,KinkFolder.ZIP,11,Chapter 11
kinkfolder-zip,KinkFolder.ZIP,12,Chapter 12
kinkfolder-zip,KinkFolder.ZIP,13,Chapter 13
kiraware-onna-o-tasuketara,Kiraware Onna o Tasuketara,1,Chapter 1
koakuma-setsuko-no-himitsu,Koakuma Setsuko no Himitsu,5.5,Chapter 5.5
koi-love,Koi Love,1,Chapter 1
koi-no-motherhood-motherhood-of-love,Koi no Motherhood Motherhood of Love,1,Chapter 1
koiiro-oppai,Koiiro Oppai,8,Chapter 8
kono-isekai-ni-wa-18-kin-wa-sonzai-shimasen,Kono Isekai ni wa 18-kin wa Sonzai Shimasen!,24,Chapter 24
kono-isekai-ni-wa-18-kin-wa-sonzai-shimasen,Kono Isekai ni wa 18-kin wa Sonzai Shimasen!,35,Chapter 35
konoha-shinobis-affair,Konoha Shinobi’s Affair,1,Chapter 1
konoha-shinobis-affair,Konoha Shinobi’s Affair,2,Chapter 2
konoha-shinobis-affair,Konoha Shinobi’s Affair,3,Chapter 3
konoha-shinobis-affair,Konoha Shinobi’s Affair,4,Chapter 4
konyaku-haki-sareta-reijo-wo-hirotta-ore-ga-ikenai-koto-wo-oshiekomu-oishi-mono-wo-tabesasete-oshare-wo-sasete-sekaichi-shiawasena-shojo-ni-produce,"Konyaku Haki Sareta Reijo Wo Hirotta Ore Ga, Ikenai Koto Wo Oshiekomu Oishi Mono Wo Tabesasete Oshare Wo Sasete, Sekaichi Shiawasena Shojo Ni Produce!",10,Chapter 10
kuchidome-no-gohoubi-wa-dansou-otome-to-ichaero-desu,Kuchidome no Gohoubi wa Dansou Otome To Ichaero Desu!,17,Chapter 17
kurai-anoko-to-shitai-koto,Kurai Anoko to Shitai koto,4,Chapter 4
kusabi-atadura,Kusabi Atadura,1,Chapter 1
kyonyu-kanojo-to-raburabu-dosei-seikatsu,Kyonyū Kanojo to Raburabu Dōsei Seikatsu,1,Chapter 1
kyouiku-suru-onna-uwa,Kyouiku Suru Onna (Uwa),1,Chapter 1
kyouyama-kazusa-no-amai-himitsu,Kyouyama Kazusa no Amai Himitsu,1,Chapter 1
laissez-fayre-horny-sisters,Laissez Fayre Horny Sisters,1,Chapter 1
lessons-from-an-old-man,Lessons From an Old Man,2,
log-in-to-lust-a-land,Log in to Lust-a-land,22.5,Chapter 22.5
log-in-to-lust-a-land,Log in to Lust-a-land,23,Chapter 23
love-formula,Love Formula,1,Chapter 1
love-limit-exceeded,Love Limit Exceeded,24,Chapter 24
love-limit-exceeded,Love Limit Exceeded,26,Chapter 26
love-limit-exceeded,Love Limit Exceeded,27,Chapter 27
love-limit-exceeded,Love Limit Exceeded,29,Chapter 29
lovey-dovey-sex-with-a-chubby-gyaru,Lovey-Dovey Sex with a Chubby Gyaru!,1,Chapter 1
lust,Lust,2,Chapter 2
makana-san,Makana-san,0,Chapter 0
manatsu-no-chaldea,Manatsu no Chaldea,1,Chapter 1
manatsu-no-mushi-megane,Manatsu no Mushi Megane,1,Chapter 1
mariko-san-to-boku-baito-saki-no-hitozuma-to-no-furin-kankei,Mariko-san to Boku Baito-saki no Hitozuma to no Furin Kankei,3,Chapter 3
marriage-agency-review,Marriage Agency Review,20,Chapter 20
masumasumasu,Masu×Masu×Masu,1,Chapter 1
matrimoney-game,Matrimoney Game,84,Chapter 84
megami-no-kafeterasu-goddess-cafe-terrace,Megami no Kafeterasu (Goddess Café Terrace),45,Chapter 45
midnight-taxi,Midnight Taxi,33,Chapter 33
midnight-taxi,Midnight Taxi,34,Chapter 34
midnight-taxi,Midnight Taxi,35,Chapter 35
midnight-taxi,Midnight Taxi,36,Chapter 36
midnight-taxi,Midnight Taxi,37,Chapter 37
midnight-taxi,Midnight Taxi,38,Chapter 38
midnight-taxi,Midnight Taxi,39,Chapter 39
mikadono-sanshimai-wa-angai-choroi,"Mikadono Sanshimai wa Angai, Choroi",7,Chapter 7
mikadono-sanshimai-wa-angai-choroi,"Mikadono Sanshimai wa Angai, Choroi",17,Chapter 17
milf-hunting-in-another-world,MILF Hunting In Another World,1,Chapter 1
milf-hunting-in-another-world,MILF Hunting In Another World,2,Chapter 2
milf-hunting-in-another-world,MILF Hunting In Another World,3,Chapter 3
milf-hunting-in-another-world,MILF Hunting In Another World,4,Chapter 4
milf-hunting-in-another-world,MILF Hunting In Another World,5,Chapter 5
milf-hunting-in-another-world,MILF Hunting In Another World,6,Chapter 6
milf-hunting-in-another-world,MILF Hunting In Another World,15,Chapter 15
milf-hunting-in-another-world,MILF Hunting In Another World,19,Chapter 19
milf-hunting-in-another-world,MILF Hunting In Another World,23,Chapter 23
milf-hunting-in-another-world,MILF Hunting In Another World,25,Chapter 25
milf-hunting-in-another-world,MILF Hunting In Another World,124,
milf-hunting-in-another-world,MILF Hunting In Another World,125,
milf-hunting-in-another-world,MILF Hunting In Another World,126,
milf-hunting-in-another-world,MILF Hunting In Another World,127,
milf-hunting-in-another-world,MILF Hunting In Another World,128,
mind-control,Mind Control,3,Chapter 3
mind-control,Mind Control,4,Chapter 4
mind-control,Mind Control,5,Chapter 5
mind-control,Mind Control,6,Chapter 6
mind-control,Mind Control,7,Chapter 7
mind-control,Mind Control,8,Chapter 8
mind-control,Mind Control,9,Chapter 9
mind-control,Mind Control,10,Chapter 10
mind-control,Mind Control,11,Chapter 11
mind-control,Mind Control,12,Chapter 12
mind-control,Mind Control,13,Chapter 13
mind-control,Mind Control,14,Chapter 14
mind-control,Mind Control,15,Chapter 15
mind-control,Mind Control,16,Chapter 16
mind-control,Mind Control,26,Chapter 26
mind-control,Mind Control,27,Chapter 27
miss-mystic,Miss Mystic,43,Chapter 43
mitsukiusagi-no-yuuwaku-zenpen,Mitsukiusagi no yuuwaku Zenpen,1,Chapter 1
mm2-gou,MM2-gou,2,Chapter 2
mm2-gou,MM2-gou,7,Chapter 7
moms-friends,Mom’s Friends,1,Chapter 1
moms-friends,Mom’s Friends,2,Chapter 2
moms-friends,Mom’s Friends,3,Chapter 3
moms-friends,Mom’s Friends,4,Chapter 4
moms-friends,Mom’s Friends,5,Chapter 5
moms-friends,Mom’s Friends,7,Chapter 7
moms-friends,Mom’s Friends,8,Chapter 8
moms-friends,Mom’s Friends,9,Chapter 9
moms-friends,Mom’s Friends,10,Chapter 10
moms-friends,Mom’s Friends,11,Chapter 11
moms-friends,Mom’s Friends,12,Chapter 12
moms-friends,Mom’s Friends,13,Chapter 13
moms-friends,Mom’s Friends,14,Chapter 14
moms-friends,Mom’s Friends,15,Chapter 15
moms-friends,Mom’s Friends,16,Chapter 16
moms-friends,Mom’s Friends,17,Chapter 17
moms-friends,Mom’s Friends,18,Chapter 18
monmon-muchi-oba-body,Monmon Muchi Oba Body,5,Chapter 5
monster,Monster,7,Chapter 7
more-tutor-sex-life,More! Tutor Sex Life,1,Chapter 1
mother-son-island-survival,Mother-son Island Survival,6,Chapter 6
mother-son-island-survival,Mother-son Island Survival,7,Chapter 7
mou-kodomo-ja-nain-da-yo,Mou Kodomo ja nain da yo,1,Chapter 1
mousukoshi-dake-konomama-de,"Mousukoshi dake, Konomama de",8,Chapter 8
mousukoshi-dake-konomama-de,"Mousukoshi dake, Konomama de",9,Chapter 9
muchipocha-onee-san-to-onanieppoi-sex,Muchipocha Onee-san to Onanieppoi Sex,1,Chapter 1
mukiryoku-neet-na-moto-shindou-boukensha-ni-naru,"Mukiryoku Neet na Moto Shindou, Boukensha ni naru",4,Chapter 4
my-friends-mom-the-ideal-milf,"My Friend’s Mom, The Ideal MILF",10,Chapter 10
my-gangster-girlfriend,My Gangster Girlfriend,3,Chapter 3
my-gangster-girlfriend,My Gangster Girlfriend,7,Chapter 7
my-girlfriends-naughty-sister,My Girlfriends Naughty Sister,10,Chapter 10
my-girlfriends-naughty-sister,My Girlfriends Naughty Sister,11,Chapter 11
my-girlfriends-naughty-sister,My Girlfriends Naughty Sister,12,Chapter 12
my-girlfriends-naughty-sister,My Girlfriends Naughty Sister,13,Chapter 13
my-girlfriends-naughty-sister,My Girlfriends Naughty Sister,15,Chapter 15
my-girlfriends-naughty-sister,My Girlfriends Naughty Sister,17,Chapter 17
my-girlfriends-naughty-sister,My Girlfriends Naughty Sister,18,Chapter 18
my-high-school-bully,My High School Bully,130,Chapter 130
my-high-school-bully,My High School Bully,133,Chapter 133
my-high-school-bully,My High School Bully,140,Chapter 140
my-high-school-bully,My High School Bully,148,Chapter 148
my-high-school-bully,My High School Bully,149,Chapter 149
my-high-school-bully,My High School Bully,150,Chapter 150
my-high-school-bully,My High School Bully,152,Chapter 152
my-high-school-bully,My High School Bully,153,Chapter 153
my-high-school-bully,My High School Bully,154,Chapter 154
my-high-school-bully,My High School Bully,155,Chapter 155
my-high-school-bully,My High School Bully,156,Chapter 156
my-high-school-bully,My High School Bully,157,Chapter 157
my-high-school-bully,My High School Bully,159,Chapter 159
my-high-school-bully,My High School Bully,160,Chapter 160
my-high-school-bully,My High School Bully,161,Chapter 161
my-high-school-bully,My High School Bully,162,Chapter 162
my-high-school-bully,My High School Bully,163,Chapter 163
my-high-school-bully,My High School Bully,164,Chapter 164
my-high-school-bully,My High School Bully,165,Chapter 165
my-illustrator,My Illustrator,18,Chapter 18
my-illustrator,My Illustrator,24,Chapter 24
my-illustrator,My Illustrator,25,Chapter 25
my-kingdom-silent-war,My Kingdom (Silent War),127,Chapter 127
my-mountain-village-pregnancy-diary,My Mountain Village Pregnancy Diary,1,Chapter 1
my-mountain-village-pregnancy-diary,My Mountain Village Pregnancy Diary,2,Chapter 2
my-mountain-village-pregnancy-diary,My Mountain Village Pregnancy Diary,4,Chapter 4
my-mountain-village-pregnancy-diary,My Mountain Village Pregnancy Diary,5,Chapter 5
my-mountain-village-pregnancy-diary,My Mountain Village Pregnancy Diary,7,Chapter 7
my-mountain-village-pregnancy-diary,My Mountain Village Pregnancy Diary,8,Chapter 8
my-mountain-village-pregnancy-diary,My Mountain Village Pregnancy Diary,9,Chapter 9
my-mountain-village-pregnancy-diary,My Mountain Village Pregnancy Diary,10,Chapter 10
my-stepmom-has-returned,My Stepmom Has Returned,9,Chapter 9
my-stepmothers-friends-uncen,My Stepmother’s Friends Uncen,25,Chapter 25
my-stepmothers-friends-uncen,My Stepmother’s Friends Uncen,46,Chapter 46
my-stepmothers-friends-uncen,My Stepmother’s Friends Uncen,47,Chapter 47
my-stepmothers-friends-uncen,My Stepmother’s Friends Uncen,48,Chapter 48
my-stepmothers-friends-uncen,My Stepmother’s Friends Uncen,49,Chapter 49
my-stepmothers-friends-uncen,My Stepmother’s Friends Uncen,50,Chapter 50
my-stepmothers-friends-uncen,My Stepmother’s Friends Uncen,51,Chapter 51
my-stepmothers-friends-uncen,My Stepmother’s Friends Uncen,52,Chapter 52
my-stepmothers-friends-uncen,My Stepmother’s Friends Uncen,53,Chapter 53
my-stepmothers-friends-uncen,My Stepmother’s Friends Uncen,54,Chapter 54
my-stepmothers-friends-uncen,My Stepmother’s Friends Uncen,55,Chapter 55
my-wife-as-a-teacher,My Wife As a Teacher,1,Chapter 1
my-wife-as-a-teacher,My Wife As a Teacher,2,Chapter 2
my-wife-as-a-teacher,My Wife As a Teacher,4,Chapter 4
my-wife-as-a-teacher,My Wife As a Teacher,5,Chapter 5
my-wife-as-a-teacher,My Wife As a Teacher,6,Chapter 6
my-wife-as-a-teacher,My Wife As a Teacher,7,Chapter 7
my-wife-as-a-teacher,My Wife As a Teacher,8,Chapter 8
my-year,My Year,69,Chapter 69
nakamoto-futatabi-nakamoto,"Nakamoto, Futatabi Nakamoto",1,Chapter 1
naughty-girl,Naughty Girl,6,Chapter 6
naughty-girl,Naughty Girl,32,Chapter 32
nekura-de-jimi-demo-ii-desu-ka,Nekura de Jimi demo Ii desu ka,1,Chapter 1
new-town-uncensored,New Town Uncensored,16,Chapter 16
nikuheki-shibori-monmon-muchi-oba-body,Nikuheki Shibori ~Monmon Muchi Oba Body~,5,Chapter 5
nikushoku-off-kai-tsuma,Nikushoku Off-kai Tsuma,1,Chapter 1
nishizumi-ryuu-uwakidou,Nishizumi-ryuu Uwakidou,1,Chapter 1
no-hou-ga-zutto-mae-kara-suki-datta-noni,No Hou ga Zutto Mae kara Suki datta noni,1,Chapter 1
no-hou-ga-zutto-mae-kara-suki-datta-noni,No Hou ga Zutto Mae kara Suki datta noni,2,Chapter 2
no-mans-land,No Man’s Land,64,Chapter 64
no-men-allowed,No Men Allowed,65,
no-men-allowed,No Men Allowed,66,
no-men-allowed,No Men Allowed,67,
no-men-allowed,No Men Allowed,68,
no-men-allowed,No Men Allowed,69,
no-men-allowed,No Men Allowed,70,
noona-and-her-big-little-bro,Noona and her BIG little Bro,23,Chapter 23
noona-and-her-big-little-bro,Noona and her BIG little Bro,24,Chapter 24
noona-and-her-big-little-bro,Noona and her BIG little Bro,25,Chapter 25
noona-and-her-big-little-bro,Noona and her BIG little Bro,26,Chapter 26
noona-and-her-big-little-bro,Noona and her BIG little Bro,27,Chapter 27
noona-and-her-big-little-bro,Noona and her BIG little Bro,28,Chapter 28
noona-and-her-big-little-bro,Noona and her BIG little Bro,29,Chapter 29
noona-and-her-big-little-bro,Noona and her BIG little Bro,30,Chapter 30
noona-and-her-big-little-bro,Noona and her BIG little Bro,31,Chapter 31
noona-and-her-big-little-bro,Noona and her BIG little Bro,32,Chapter 32
not-a-friends,Not a Friend's,6,Chapter 6
not-a-friends,Not a Friend's,15,Chapter 15
not-a-friends,Not a Friend's,19,Chapter 19
not-a-friends,Not a Friend's,47,Chapter 47
not-a-friends,Not a Friend's,60,Chapter 60
not-allowed-at-work,Not Allowed at Work,5,Chapter 5
not-one-but-two,"Not One, But Two",1,Chapter 1
not-to-be-missed,Not To Be Missed,16,Chapter 16
not-you-but-your-sister,"Not You, but Your Sister",1,Chapter 1
not-you-but-your-sister,"Not You, but Your Sister",18,Chapter 18
ntrman-short-comic,NTRMAN Short Comic,0,Chapter 0
oba-no-uwa-kitsu-cosplay-onanie-o-mokugeki-shita-ken,Oba no Uwa Kitsu Cosplay Onanie o Mokugeki Shita Ken,1,Chapter 1
oba-san-tachi-o-ninshin-sasete,Oba-san-tachi o Ninshin SaSete,0,Chapter 0
ochame-na-okusan-to-no-nichijou-chabangoto,Ochame na Okusan to no Nichijou Chabangoto,2,Chapter 2
ochame-na-okusan-to-no-nichijou-chabangoto,Ochame na Okusan to no Nichijou Chabangoto,4.5,Chapter 4.5
ochame-na-okusan-to-no-nichijou-chabangoto,Ochame na Okusan to no Nichijou Chabangoto,5,Chapter 5
ochikobore-datta-ani-ga-jitsuha-saikyou-shijou-saikyou-no-yuusha-wa-tensei-shi-gakuen-de-mujikaku-ni-musou-suru,"Ochikobore Datta Ani Ga Jitsuha Saikyou: Shijou Saikyou No Yuusha Wa Tensei-shi, Gakuen De Mujikaku Ni Musou Suru",3,Chapter 3
office-menace-alert,Office Menace Alert,2,Chapter 2
office-menace-alert,Office Menace Alert,11,Chapter 11
office-menace-alert,Office Menace Alert,35,Chapter 35
office-menace-alert,Office Menace Alert,83,Chapter 83
office-trouble-appeal,Office Trouble (Appeal),1,Chapter 1
office-trouble-appeal,Office Trouble (Appeal),2,Chapter 2
office-trouble-appeal,Office Trouble (Appeal),3,Chapter 3
office-trouble-appeal,Office Trouble (Appeal),6,Chapter 6
office-trouble-appeal,Office Trouble (Appeal),7,Chapter 7
office-trouble-appeal,Office Trouble (Appeal),8,Chapter 8
office-trouble-appeal,Office Trouble (Appeal),9,Chapter 9
office-trouble-appeal,Office Trouble (Appeal),10,Chapter 10
office-trouble-appeal,Office Trouble (Appeal),12,Chapter 12
office-trouble-appeal,Office Trouble (Appeal),13,Chapter 13
office-trouble-appeal,Office Trouble (Appeal),14,Chapter 14
office-trouble-appeal,Office Trouble (Appeal),15,Chapter 15
office-trouble-appeal,Office Trouble (Appeal),16,Chapter 16
office-trouble-appeal,Office Trouble (Appeal),17,Chapter 17
office-trouble-appeal,Office Trouble (Appeal),19,Chapter 19
office-trouble-appeal,Office Trouble (Appeal),21,Chapter 21
office-trouble-appeal,Office Trouble (Appeal),22,Chapter 22
office-trouble-appeal,Office Trouble (Appeal),23,Chapter 23
office-trouble-appeal,Office Trouble (Appeal),24,Chapter 24
office-trouble-appeal,Office Trouble (Appeal),25,Chapter 25
office-trouble-appeal,Office Trouble (Appeal),26,Chapter 26
office-trouble-appeal,Office Trouble (Appeal),27,Chapter 27
oikko-no-girlfriend-o-wakaraseta,Oikko no Girlfriend o Wakaraseta,3,Chapter 3
oji-san-tada-de-namahame-ii-yo,"Oji-san, Tada de Namahame Ii yo",1,Chapter 1
okaa-san-itadakimasui,Okaa-san Itadakimasui,1,Chapter 1
okaa-san-itadakimasui,Okaa-san Itadakimasui,2,Chapter 2
okaa-san-itadakimasui,Okaa-san Itadakimasui,3,Chapter 3
okaa-san-no-hitoritabi,Okaa-san no Hitoritabi,1,Chapter 1
oku-sama-o-ai-niku-sama,Oku-sama o Ai Niku-sama,1,Chapter 1
okusuri-wa-youhou-youryou-o-mamotte,Okusuri wa Youhou Youryou o Mamotte,1,Chapter 1
onee-chan-to-kyori-o-chijimeru-hanashi,Onee-chan to Kyori o Chijimeru Hanashi,1,Chapter 1
onegai-lovers,Onegai Lovers,1,Chapter 1
ones-step-sister,One’s Step Sister,19,Chapter 19
ones-step-sister,One’s Step Sister,25,Chapter 25
ones-step-sister,One’s Step Sister,27,Chapter 27
ones-step-sister,One’s Step Sister,28,Chapter 28
ones-step-sister,One’s Step Sister,29,Chapter 29
ones-step-sister,One’s Step Sister,30,Chapter 30
only-with-consent-uncensored,Only With Consent Uncensored,45,Chapter 45
only-with-consent-uncensored,Only With Consent Uncensored,129,Chapter 129
ore-no-aishita-kanojo-wa-mou-inai,Ore no Aishita Kanojo wa Mou Inai,1,Chapter 1
ore-no-genjitsu-wa-renai-game-ka-to-omottara-inochigake-no-game-datta,Ore no Genjitsu wa Renai Game?? ka to Omottara Inochigake no Game datta,9.1,Chapter 9.1
ore-no-genjitsu-wa-renai-game-ka-to-omottara-inochigake-no-game-datta,Ore no Genjitsu wa Renai Game?? ka to Omottara Inochigake no Game datta,9.2,Chapter 9.2
ore-no-genjitsu-wa-renai-game-ka-to-omottara-inochigake-no-game-datta,Ore no Genjitsu wa Renai Game?? ka to Omottara Inochigake no Game datta,10.1,Chapter 10.1
ore-no-genjitsu-wa-renai-game-ka-to-omottara-inochigake-no-game-datta,Ore no Genjitsu wa Renai Game?? ka to Omottara Inochigake no Game datta,10.2,Chapter 10.2
ore-no-genjitsu-wa-renai-game-ka-to-omottara-inochigake-no-game-datta,Ore no Genjitsu wa Renai Game?? ka to Omottara Inochigake no Game datta,11.1,Chapter 11.1
ore-no-genjitsu-wa-renai-game-ka-to-omottara-inochigake-no-game-datta,Ore no Genjitsu wa Renai Game?? ka to Omottara Inochigake no Game datta,11.2,Chapter 11.2
ore-no-genjitsu-wa-renai-game-ka-to-omottara-inochigake-no-game-datta,Ore no Genjitsu wa Renai Game?? ka to Omottara Inochigake no Game datta,12.1,Chapter 12.1
ore-no-genjitsu-wa-renai-game-ka-to-omottara-inochigake-no-game-datta,Ore no Genjitsu wa Renai Game?? ka to Omottara Inochigake no Game datta,13.1,Chapter 13.1
ore-no-genjitsu-wa-renai-game-ka-to-omottara-inochigake-no-game-datta,Ore no Genjitsu wa Renai Game?? ka to Omottara Inochigake no Game datta,13.2,Chapter 13.2
ore-no-genjitsu-wa-renai-game-ka-to-omottara-inochigake-no-game-datta,Ore no Genjitsu wa Renai Game?? ka to Omottara Inochigake no Game datta,14.1,Chapter 14.1
ore-no-genjitsu-wa-renai-game-ka-to-omottara-inochigake-no-game-datta,Ore no Genjitsu wa Renai Game?? ka to Omottara Inochigake no Game datta,14.2,Chapter 14.2
ore-no-genjitsu-wa-renai-game-ka-to-omottara-inochigake-no-game-datta,Ore no Genjitsu wa Renai Game?? ka to Omottara Inochigake no Game datta,15.1,Chapter 15.1
ore-no-genjitsu-wa-renai-game-ka-to-omottara-inochigake-no-game-datta,Ore no Genjitsu wa Renai Game?? ka to Omottara Inochigake no Game datta,15.2,Chapter 15.2
ore-no-genjitsu-wa-renai-game-ka-to-omottara-inochigake-no-game-datta,Ore no Genjitsu wa Renai Game?? ka to Omottara Inochigake no Game datta,16.1,Chapter 16.1
ore-no-genjitsu-wa-renai-game-ka-to-omottara-inochigake-no-game-datta,Ore no Genjitsu wa Renai Game?? ka to Omottara Inochigake no Game datta,16.2,Chapter 16.2
ore-no-genjitsu-wa-renai-game-ka-to-omottara-inochigake-no-game-datta,Ore no Genjitsu wa Renai Game?? ka to Omottara Inochigake no Game datta,17.1,Chapter 17.1
ore-no-genjitsu-wa-renai-game-ka-to-omottara-inochigake-no-game-datta,Ore no Genjitsu wa Renai Game?? ka to Omottara Inochigake no Game datta,17.2,Chapter 17.2
ore-no-genjitsu-wa-renai-game-ka-to-omottara-inochigake-no-game-datta,Ore no Genjitsu wa Renai Game?? ka to Omottara Inochigake no Game datta,18.1,Chapter 18.1
ore-no-genjitsu-wa-renai-game-ka-to-omottara-inochigake-no-game-datta,Ore no Genjitsu wa Renai Game?? ka to Omottara Inochigake no Game datta,18.2,Chapter 18.2
ore-no-genjitsu-wa-renai-game-ka-to-omottara-inochigake-no-game-datta,Ore no Genjitsu wa Renai Game?? ka to Omottara Inochigake no Game datta,19.1,Chapter 19.1
ore-no-genjitsu-wa-renai-game-ka-to-omottara-inochigake-no-game-datta,Ore no Genjitsu wa Renai Game?? ka to Omottara Inochigake no Game datta,19.2,Chapter 19.2
ore-no-genjitsu-wa-renai-game-ka-to-omottara-inochigake-no-game-datta,Ore no Genjitsu wa Renai Game?? ka to Omottara Inochigake no Game datta,20.1,Chapter 20.1
ore-no-genjitsu-wa-renai-game-ka-to-omottara-inochigake-no-game-datta,Ore no Genjitsu wa Renai Game?? ka to Omottara Inochigake no Game datta,20.2,Chapter 20.2
ore-no-genjitsu-wa-renai-game-ka-to-omottara-inochigake-no-game-datta,Ore no Genjitsu wa Renai Game?? ka to Omottara Inochigake no Game datta,21.1,Chapter 21.1
ore-no-genjitsu-wa-renai-game-ka-to-omottara-inochigake-no-game-datta,Ore no Genjitsu wa Renai Game?? ka to Omottara Inochigake no Game datta,21.2,Chapter 21.2
ore-no-genjitsu-wa-renai-game-ka-to-omottara-inochigake-no-game-datta,Ore no Genjitsu wa Renai Game?? ka to Omottara Inochigake no Game datta,22.1,Chapter 22.1
ore-no-genjitsu-wa-renai-game-ka-to-omottara-inochigake-no-game-datta,Ore no Genjitsu wa Renai Game?? ka to Omottara Inochigake no Game datta,22.2,Chapter 22.2
ore-no-genjitsu-wa-renai-game-ka-to-omottara-inochigake-no-game-datta,Ore no Genjitsu wa Renai Game?? ka to Omottara Inochigake no Game datta,23.1,Chapter 23.1
ore-no-genjitsu-wa-renai-game-ka-to-omottara-inochigake-no-game-datta,Ore no Genjitsu wa Renai Game?? ka to Omottara Inochigake no Game datta,23.2,Chapter 23.2
ore-no-genjitsu-wa-renai-game-ka-to-omottara-inochigake-no-game-datta,Ore no Genjitsu wa Renai Game?? ka to Omottara Inochigake no Game datta,24.1,Chapter 24.1
ore-no-genjitsu-wa-renai-game-ka-to-omottara-inochigake-no-game-datta,Ore no Genjitsu wa Renai Game?? ka to Omottara Inochigake no Game datta,24.2,Chapter 24.2
ore-no-genjitsu-wa-renai-game-ka-to-omottara-inochigake-no-game-datta,Ore no Genjitsu wa Renai Game?? ka to Omottara Inochigake no Game datta,25.1,Chapter 25.1
ore-no-genjitsu-wa-renai-game-ka-to-omottara-inochigake-no-game-datta,Ore no Genjitsu wa Renai Game?? ka to Omottara Inochigake no Game datta,25.2,Chapter 25.2
ore-no-genjitsu-wa-renai-game-ka-to-omottara-inochigake-no-game-datta,Ore no Genjitsu wa Renai Game?? ka to Omottara Inochigake no Game datta,26.1,Chapter 26.1
ore-no-genjitsu-wa-renai-game-ka-to-omottara-inochigake-no-game-datta,Ore no Genjitsu wa Renai Game?? ka to Omottara Inochigake no Game datta,26.2,Chapter 26.2
ore-no-genjitsu-wa-renai-game-ka-to-omottara-inochigake-no-game-datta,Ore no Genjitsu wa Renai Game?? ka to Omottara Inochigake no Game datta,27.1,Chapter 27.1
ore-no-genjitsu-wa-renai-game-ka-to-omottara-inochigake-no-game-datta,Ore no Genjitsu wa Renai Game?? ka to Omottara Inochigake no Game datta,27.2,Chapter 27.2
ore-no-genjitsu-wa-renai-game-ka-to-omottara-inochigake-no-game-datta,Ore no Genjitsu wa Renai Game?? ka to Omottara Inochigake no Game datta,28.1,Chapter 28.1
ore-no-genjitsu-wa-renai-game-ka-to-omottara-inochigake-no-game-datta,Ore no Genjitsu wa Renai Game?? ka to Omottara Inochigake no Game datta,28.2,Chapter 28.2
ore-no-genjitsu-wa-renai-game-ka-to-omottara-inochigake-no-game-datta,Ore no Genjitsu wa Renai Game?? ka to Omottara Inochigake no Game datta,29.1,Chapter 29.1
ore-no-genjitsu-wa-renai-game-ka-to-omottara-inochigake-no-game-datta,Ore no Genjitsu wa Renai Game?? ka to Omottara Inochigake no Game datta,29.2,Chapter 29.2
ore-no-genjitsu-wa-renai-game-ka-to-omottara-inochigake-no-game-datta,Ore no Genjitsu wa Renai Game?? ka to Omottara Inochigake no Game datta,30.1,Chapter 30.1
ore-no-genjitsu-wa-renai-game-ka-to-omottara-inochigake-no-game-datta,Ore no Genjitsu wa Renai Game?? ka to Omottara Inochigake no Game datta,30.2,Chapter 30.2
ore-no-level-up-ga-okashi,Ore no Level Up ga Okashi!,28,Chapter 28
ore-wa-lolicon-ja-nai,Ore wa Lolicon ja nai!,1,Chapter 1
ore-wa-lolicon-ja-nai,Ore wa Lolicon ja nai!,2,Chapter 2
ore-wa-lolicon-ja-nai,Ore wa Lolicon ja nai!,4,Chapter 4
ore-wa-lolicon-ja-nai,Ore wa Lolicon ja nai!,5,Chapter 5
ore-wa-lolicon-ja-nai,Ore wa Lolicon ja nai!,6,Chapter 6
ore-wa-lolicon-ja-nai,Ore wa Lolicon ja nai!,7,Chapter 7
ore-wa-lolicon-ja-nai,Ore wa Lolicon ja nai!,8,Chapter 8
ore-wa-lolicon-ja-nai,Ore wa Lolicon ja nai!,10,Chapter 10
ore-wa-lolicon-ja-nai,Ore wa Lolicon ja nai!,11,Chapter 11
ore-wa-lolicon-ja-nai,Ore wa Lolicon ja nai!,12,Chapter 12
osaka,Osaka,37,Chapter 37
otaku-tomodachi-to-no-sex-wa-saikou-ni-kimochi-ii,Otaku Tomodachi to no Sex wa Saikou ni Kimochi Ii,2.5,Chapter 2.5
panty-note,Panty Note,1,Chapter 1
panty-note,Panty Note,126,Chapter 126
panty-note,Panty Note,127,Chapter 127
panty-note,Panty Note,128,Chapter 128
panty-note,Panty Note,129,Chapter 129
panty-note,Panty Note,130,Chapter 130
panty-note,Panty Note,131,Chapter 131
panty-note,Panty Note,132,Chapter 132
panty-note,Panty Note,133,Chapter 133
panty-note,Panty Note,134,Chapter 134
panty-note,Panty Note,135,Chapter 135
panty-note,Panty Note,137,Chapter 137
panty-note,Panty Note,139,Chapter 139
panty-note,Panty Note,141,Chapter 141
panty-note,Panty Note,142,Chapter 142
panty-note,Panty Note,143,Chapter 143
panty-note,Panty Note,177,Chapter 177
panty-note,Panty Note,190,Chapter 190
panty-note,Panty Note,193,Chapter 193
papa-to-mama-ga-inai-aida-ni,Papa to Mama ga Inai Aida ni,1,Chapter 1
paws-on-campus,Paws on Campus,1,Chapter 1
paws-on-campus,Paws on Campus,8,Chapter 8
paws-on-campus,Paws on Campus,15,Chapter 15
paws-on-campus,Paws on Campus,16,Chapter 16
paws-on-campus,Paws on Campus,19,Chapter 19
pay-with-your-body,Pay With Your Body,17,Chapter 17
pay-with-your-body,Pay With Your Body,24,Chapter 24
pc-cafe-goddess,PC Cafe Goddess,9,Chapter 9
pheromone-holic,Pheromone-holic,1,Chapter 1
pheromone-holic,Pheromone-holic,2,Chapter 2
pheromone-holic,Pheromone-holic,3,Chapter 3
pheromone-holic,Pheromone-holic,4,Chapter 4
pheromone-holic,Pheromone-holic,5,Chapter 5
pheromone-holic,Pheromone-holic,8,Chapter 8
pheromone-holic,Pheromone-holic,9,Chapter 9
pieces-illust-card,PIECES + Illust Card,1,Chapter 1
please-give-me-energy,Please Give Me Energy,39,Chapter 39
please-give-me-energy,Please Give Me Energy,40,Chapter 40
please-scan-here,Please Scan Here!,1,Chapter 1
please-scan-here,Please Scan Here!,2,Chapter 2
please-scan-here,Please Scan Here!,3,Chapter 3
please-scan-here,Please Scan Here!,4,Chapter 4
please-scan-here,Please Scan Here!,5,Chapter 5
please-take-care,Please Take Care,41,Chapter 41
pleasure-up,Pleasure up!,19,Chapter 19
pleasure-up,Pleasure up!,20,Chapter 20
pleasure-up,Pleasure up!,21,Chapter 21
pleasure-up,Pleasure up!,22,Chapter 22
pleasure-up,Pleasure up!,23,Chapter 23
pleasure-up,Pleasure up!,24,Chapter 24
pleasure-up,Pleasure up!,41,Chapter 41
pleasure-up,Pleasure up!,52,Chapter 52
puberty,Puberty,23,Chapter 23
pull-yourself-together-team-leader,"Pull Yourself Together, Team Leader",21,Chapter 21
queen-bee-andrew,Queen Bee (Andrew),266,Chapter 266
queen-bee-andrew,Queen Bee (Andrew),270,Chapter 270
queen-bee-andrew,Queen Bee (Andrew),271,Chapter 271
queen-bee-andrew,Queen Bee (Andrew),272,Chapter 272
queen-bee-andrew,Queen Bee (Andrew),273,Chapter 273
queen-bee-andrew,Queen Bee (Andrew),274,Chapter 274
queen-bee-andrew,Queen Bee (Andrew),275,Chapter 275
queen-bee-andrew,Queen Bee (Andrew),283,Chapter 283
queen-bee-andrew,Queen Bee (Andrew),284,Chapter 284
queen-bee-andrew,Queen Bee (Andrew),285,Chapter 285
queen-bee-andrew,Queen Bee (Andrew),286,Chapter 286
queen-bee-andrew,Queen Bee (Andrew),288,Chapter 288
queen-bee-andrew,Queen Bee (Andrew),289,Chapter 289
queen-bee-andrew,Queen Bee (Andrew),326,Chapter 326
queen-bee-andrew,Queen Bee (Andrew),344,Chapter 344
resume,Resume,63,Chapter 63
resume,Resume,64,Chapter 64
resume,Resume,65,Chapter 65
resume,Resume,66,Chapter 66
resume,Resume,68,Chapter 68
resume,Resume,69,Chapter 69
romantic-camping,Romantic Camping,54,Chapter 54
romantic-camping,Romantic Camping,55,Chapter 55
romantic-camping,Romantic Camping,56,Chapter 56
romantic-camping,Romantic Camping,68,Chapter 68
rusubandenwa,RusubanDenwa,1,Chapter 1
saikyou-onna-shish%d0%beu-tachi-ga-ikusei-houshin-o-megutte-shuraba,Saikyou Onna Shishоu-tachi ga Ikusei Houshin o Megutte Shuraba,7,Chapter 7
samishii-kokoro,Samishii Kokoro,1,Chapter 1
sanae-no-suki-wa-todomarazu,Sanae no Suki wa Todomarazu,1,Chapter 1
saori-no-2-kaime-delivery,Saori no 2-Kaime Delivery,1,Chapter 1
saren-to-asobou,Saren to Asobou,1,Chapter 1
saren-to-asobou,Saren to Asobou,2,Chapter 02
save-the-world-by-hitting-it,Save The World By Hitting It,21,Chapter 21
say-you-like-it,Say You Like it,0,Chapter 0
secret-class,Secret Class,3,Chapter 3
secret-class,Secret Class,129.5,Chapter 129.5
secret-class,Secret Class,186,Chapter 186
secret-class,Secret Class,187,Chapter 187
secret-class,Secret Class,188,Chapter 188
secret-class,Secret Class,190,Chapter 190
secret-class,Secret Class,284,Chapter 284
secret-class,Secret Class,302,Chapter 302
secret-class-uncensored,Secret Class Uncensored,23,Chapter 23
secret-class-uncensored,Secret Class Uncensored,61,Chapter 61
secret-class-uncensored,Secret Class Uncensored,62,Chapter 62
secret-class-uncensored,Secret Class Uncensored,63,Chapter 63
secret-class-uncensored,Secret Class Uncensored,64,Chapter 64
secret-class-uncensored,Secret Class Uncensored,65,Chapter 65
secret-matter-of-the-third-generation,Secret Matter Of The Third Generation,49,Chapter 49
secret-matter-of-the-third-generation,Secret Matter Of The Third Generation,52,Chapter 52
secrets,Secrets,1,Chapter 1
seifuku-shijou-shugi-fuyu,Seifuku Shijou Shugi -Fuyu-,2,Chapter 2
seifuku-shijou-shugi-natsu,Seifuku Shijou Shugi -Natsu-,1,Chapter 1
seifuku-shijou-shugi-natsu,Seifuku Shijou Shugi -Natsu-,8,Chapter 8
seijo-sama-ni-shitto-shichau-alter-chan,Seijo-sama ni Shitto Shichau Alter-chan,1,Chapter 1
seisozuma-netorare,Seisozuma Netorare…,2,Chapter 2
seisozuma-netorare,Seisozuma Netorare…,3,Chapter 3
sekai-saikyou-no-kouei-meikyuukoku-no-shinjin-tansakusha,Sekai Saikyou no Kouei: Meikyuukoku no Shinjin Tansakusha,18,Chapter 18
sekai-saikyou-no-kouei-meikyuukoku-no-shinjin-tansakusha,Sekai Saikyou no Kouei: Meikyuukoku no Shinjin Tansakusha,26,Chapter 26
sekimen-shinaide-sekime-san,Sekimen Shinaide Sekime-san,3,Chapter 3
sekinin-exe,Sekinin.exe,1,Chapter 1
senpai-no-tame-ni-dakaremasu,"Senpai no Tame ni, Dakaremasu.",1,Chapter 1
sensei-honki-desu-ka,Sensei Honki desu ka!,1,Chapter 1
sensei-to-boku,Sensei to Boku,10,Chapter 10
senseithe-night-fever-teacher,Sensei~The Night Fever Teacher!~,1,Chapter 1
seoul-kids-these-days,Seoul Kids These Days,8,Chapter 8
sex-parasite,Sex Parasite,1,Chapter 1
sex-stopwatch,Sex Stopwatch,9,Chapter 9
sex-stopwatch,Sex Stopwatch,90,Chapter 90
sex-stopwatch,Sex Stopwatch,136,Chapter 136
sex-stopwatch,Sex Stopwatch,143,Chapter 143
sexual-training-camp,Sexual Training Camp,1,Chapter 1
sexy-men-x-goddes,Sexy Men X Goddes,43,Chapter 43
she-wants-to-get-drunk,She wants to get drunk,38,Chapter 38
she-wants-to-get-drunk,She wants to get drunk,41,Chapter 41
shiawase-razoku-keikaku,Shiawase Razoku Keikaku,7,Chapter 7
shiranui-ryuu-fudeoroshi-namahaishin,Shiranui-ryuu Fudeoroshi Namahaishin,0,Chapter 0
shitsurengo-kenaku-datta-osananajimi-ga-sato-kashi-mitai-ni-amai,"Shitsurengo, Kenaku Datta Osananajimi ga Sato Kashi Mitai ni Amai",9,Chapter 9
shuumatsu-no-harem,Shuumatsu no Harem,1,Chapter 1
shuumatsu-no-harem,Shuumatsu no Harem,4,Chapter 4
shuumatsu-no-harem,Shuumatsu no Harem,7,Chapter 7
shuumatsu-no-harem,Shuumatsu no Harem,8,Chapter 8
shuumatsu-no-harem,Shuumatsu no Harem,10,Chapter 10
shuumatsu-no-harem,Shuumatsu no Harem,12,Chapter 12
shuumatsu-no-harem,Shuumatsu no Harem,13,Chapter 13
shuumatsu-no-harem,Shuumatsu no Harem,14,Chapter 14
shuumatsu-no-harem,Shuumatsu no Harem,15,Chapter 15
shuumatsu-no-harem,Shuumatsu no Harem,17,Chapter 17
shuumatsu-no-harem,Shuumatsu no Harem,18,Chapter 18
shuumatsu-no-harem,Shuumatsu no Harem,23,Chapter 23
shuumatsu-no-harem,Shuumatsu no Harem,24.5,Chapter 24.5
shuumatsu-no-harem,Shuumatsu no Harem,30,Chapter 30
shuumatsu-no-harem,Shuumatsu no Harem,31,Chapter 31
since-my-previous-life-was-a-wise-man-i-can-afford-to-live,Since My Previous Life Was A Wise Man I Can Afford To Live,1,Chapter 1
since-my-previous-life-was-a-wise-man-i-can-afford-to-live,Since My Previous Life Was A Wise Man I Can Afford To Live,3.1,Chapter 3.1
since-my-previous-life-was-a-wise-man-i-can-afford-to-live,Since My Previous Life Was A Wise Man I Can Afford To Live,3.2,Chapter 3.2
since-my-previous-life-was-a-wise-man-i-can-afford-to-live,Since My Previous Life Was A Wise Man I Can Afford To Live,4.1,Chapter 4.1
since-my-previous-life-was-a-wise-man-i-can-afford-to-live,Since My Previous Life Was A Wise Man I Can Afford To Live,4.2,Chapter 4.2
single-again,Single Again,0,Chapter 0
single-again,Single Again,3,Chapter 3
sister-neighbor,Sister Neighbor,143,Chapter 143
slaves-of-the-shelter,Slaves of the Shelter,43,Chapter 43
sono-ko-wa-takurandeiru,Sono Ko wa Takurandeiru,1,Chapter 1
sono-onna,Sono onna,1,Chapter 1
spirit-possession,Spirit Possession,40,Chapter 40
spirit-possession,Spirit Possession,42,Chapter 42
spirit-possession,Spirit Possession,43,Chapter 43
spirit-possession,Spirit Possession,44,Chapter 44
spirit-possession,Spirit Possession,45,Chapter 45
spirit-possession,Spirit Possession,46,Chapter 46
spirit-possession,Spirit Possession,47,Chapter 47
spirit-possession,Spirit Possession,48,Chapter 48
spirit-possession,Spirit Possession,49,Chapter 49
spirit-possession,Spirit Possession,50,Chapter 50
spirit-possession,Spirit Possession,51,Chapter 51
spirit-possession,Spirit Possession,52,Chapter 52
spirit-possession,Spirit Possession,53,Chapter 53
spirit-possession,Spirit Possession,54,Chapter 54
spirit-possession,Spirit Possession,55,Chapter 55
sponsor-me-please,Sponsor Me Please,0,Chapter 0
star-guardian-ahris-downfall,Star Guardian Ahri's downfall,1,Chapter 1
stargram-goddess,Stargram Goddess,52,Chapter 52
stepmothers-friends,Stepmothers Friends,89,Chapter 89
story-hen,Story Hen,1,Chapter 1
succubus-gitai-slime-ga-shota-yuusha-o-gyaku-rape-suru-hon,Succubus Gitai Slime ga Sh0ta Yuusha o Gyaku Rap3 suru Hon,0,Chapter 0
succubus-gitai-slime-ga-shota-yuusha-o-gyaku-rape-suru-hon,Succubus Gitai Slime ga Sh0ta Yuusha o Gyaku Rap3 suru Hon,1,Chapter 1
succubus-miboujin-hirusagari-no-himitsu,Succubus Miboujin Hirusagari no Himitsu,1,Chapter 1
succubus-system,Succubus system,3,Chapter 3
succubus-system,Succubus system,18,Chapter 18
succubus-system,Succubus system,19,Chapter 19
sukebe-elf-tanbouki,Sukebe Elf Tanbouki,1,Chapter 1
sukebe-elf-tanbouki,Sukebe Elf Tanbouki,2,Chapter 2
sukebe-elf-tanbouki,Sukebe Elf Tanbouki,3,Chapter 3
summer-vacation,Summer Vacation,60,Chapter 60
sundome-milky-way,Sundome!! Milky Way,0,Chapter 0
surviving-as-a-tyrants-daughter,Surviving as a Tyrant’s Daughter,15,Chapter 15
sweet-family,Sweet Family,13,Chapter 13
swinging,Swinging,46,Chapter 46
switch-on,Switch On,55,Chapter 55
switch-on,Switch On,100,Chapter 100
taiyos-sisters-in-law-need-his-seed,Taiyo’s Sisters In Law Need His Seed,10,Chapter 10
takamine-ke-no-nirinka,Takamine-ke no Nirinka,6,Chapter 6
take-a-peek,Take a Peek,55,Chapter 55
take-a-peek,Take a Peek,56,Chapter 56
take-a-peek,Take a Peek,57,Chapter 57
take-a-peek,Take a Peek,58,Chapter 58
take-a-peek,Take a Peek,60,Chapter 60
take-a-peek,Take a Peek,61,Chapter 61
take-a-peek,Take a Peek,62,Chapter 62
take-a-peek,Take a Peek,147,Chapter 147
take-a-peek,Take a Peek,148,Chapter 148
take-a-peek,Take a Peek,149,Chapter 149
take-a-peek,Take a Peek,150,Chapter 150
take-a-peek,Take a Peek,154,Chapter 154
take-a-peek,Take a Peek,155,Chapter 155
take-a-peek,Take a Peek,156,Chapter 156
take-a-peek,Take a Peek,157,Chapter 157
taming-a-female-bully,Taming A Female Bully,68,Chapter 68
taming-my-stepsister,Taming My Stepsister,9,Chapter 9
tanbo-de-hirotta-onna-kishi-inaka-de-ore-no-yome-da-to-omowareteiru,"Tanbo de Hirotta Onna Kishi, Inaka de Ore no Yome da to Omowareteiru",4,Chapter 4
teen-aunt,Teen Aunt,37,Chapter 37
teen-aunt,Teen Aunt,38,Chapter 38
teisou-kannen-zero-no-onna-tomodachi,Teisou Kannen Zero no Onna Tomodachi,5,Chapter 5
teito-seihai-kitan-fatetype-redline,Teito Seihai Kitan Fate/type Redline,1,Chapter 1
tenchi-niya-to-ichiya,Tenchi Niya to Ichiya,1,Chapter 1
that-inferior-knight-actually-level-999,That Inferior Knight Actually Level 999,4.2,Chapter 4.2
that-inferior-knight-actually-level-999,That Inferior Knight Actually Level 999,5,Chapter 5
thats-not-how-its-done,That’s not how it’s done,30,Chapter 30
thats-not-how-its-done,That’s not how it’s done,31,Chapter 31
thats-not-how-its-done,That’s not how it’s done,47,Chapter 47
thats-not-how-its-done,That’s not how it’s done,50,Chapter 50
thats-not-how-its-done,That’s not how it’s done,51,Chapter 51
thats-not-how-its-done,That’s not how it’s done,52,Chapter 52
thats-not-how-its-done,That’s not how it’s done,53,Chapter 53
thats-not-how-its-done,That’s not how it’s done,54,Chapter 54
thats-not-how-its-done,That’s not how it’s done,55,Chapter 55
thats-not-how-its-done,That’s not how it’s done,56,Chapter 56
thats-not-how-its-done,That’s not how it’s done,57,Chapter 57
thats-not-how-its-done,That’s not how it’s done,58,Chapter 58
the-ark-is-me,The Ark Is Me,113,Chapter 113
the-bj-manager-who-boosts-his-favorability,The BJ Manager Who Boosts His Favorability,9,Chapter 9
the-bj-manager-who-boosts-his-favorability,The BJ Manager Who Boosts His Favorability,10,Chapter 10
the-bj-manager-who-boosts-his-favorability,The BJ Manager Who Boosts His Favorability,11,Chapter 11
the-bj-manager-who-boosts-his-favorability,The BJ Manager Who Boosts His Favorability,12,Chapter 12
the-bj-manager-who-boosts-his-favorability,The BJ Manager Who Boosts His Favorability,13,Chapter 13
the-bj-manager-who-boosts-his-favorability,The BJ Manager Who Boosts His Favorability,14,Chapter 14
the-bj-manager-who-boosts-his-favorability,The BJ Manager Who Boosts His Favorability,15,Chapter 15
the-bj-manager-who-boosts-his-favorability,The BJ Manager Who Boosts His Favorability,16,Chapter 16
the-bj-manager-who-boosts-his-favorability,The BJ Manager Who Boosts His Favorability,17,Chapter 17
the-bj-manager-who-boosts-his-favorability,The BJ Manager Who Boosts His Favorability,18,Chapter 18
the-bj-manager-who-boosts-his-favorability,The BJ Manager Who Boosts His Favorability,19,Chapter 19
the-bj-manager-who-boosts-his-favorability,The BJ Manager Who Boosts His Favorability,20,Chapter 20
the-bj-manager-who-boosts-his-favorability,The BJ Manager Who Boosts His Favorability,21,Chapter 21
the-bj-manager-who-boosts-his-favorability,The BJ Manager Who Boosts His Favorability,22,Chapter 22
the-bj-manager-who-boosts-his-favorability,The BJ Manager Who Boosts His Favorability,23,Chapter 23
the-bj-manager-who-boosts-his-favorability,The BJ Manager Who Boosts His Favorability,24,Chapter 24
the-bj-manager-who-boosts-his-favorability,The BJ Manager Who Boosts His Favorability,25,Chapter 25
the-bj-manager-who-boosts-his-favorability,The BJ Manager Who Boosts His Favorability,26,
the-brides-who-cant-eat,The Brides Who Can't Eat,11,Chapter 11
the-brides-who-cant-eat,The Brides Who Can't Eat,13,Chapter 13
the-chairmans-secret-son,The Chairman’s Secret Son,22,Chapter 22
the-commanders-daughter,The Commander's Daughter,38,Chapter 38
the-escape,The Escape,21,Chapter 21
the-father-in-law-fucks-them-all,The Father-In-Law Fucks Them All,40,Chapter 40
the-female-delinquent-set-her-eyes-on-me,The Female Delinquent Set Her Eyes On Me,11,Chapter 11
the-female-delinquent-set-her-eyes-on-me,The Female Delinquent Set Her Eyes On Me,13,Chapter 13
the-female-delinquent-set-her-eyes-on-me,The Female Delinquent Set Her Eyes On Me,15,Chapter 15
the-female-delinquent-set-her-eyes-on-me,The Female Delinquent Set Her Eyes On Me,16,Chapter 16
the-female-delinquent-set-her-eyes-on-me,The Female Delinquent Set Her Eyes On Me,23,Chapter 23
the-female-delinquent-set-her-eyes-on-me,The Female Delinquent Set Her Eyes On Me,24,Chapter 24
the-female-delinquent-set-her-eyes-on-me,The Female Delinquent Set Her Eyes On Me,25,Chapter 25
the-female-delinquent-set-her-eyes-on-me,The Female Delinquent Set Her Eyes On Me,26,Chapter 26
the-female-delinquent-set-her-eyes-on-me,The Female Delinquent Set Her Eyes On Me,27,Chapter 27
the-female-delinquent-set-her-eyes-on-me,The Female Delinquent Set Her Eyes On Me,28,Chapter 28
the-female-delinquent-set-her-eyes-on-me,The Female Delinquent Set Her Eyes On Me,29,Chapter 29
the-female-delinquent-set-her-eyes-on-me,The Female Delinquent Set Her Eyes On Me,30,Chapter 30
the-female-delinquent-set-her-eyes-on-me,The Female Delinquent Set Her Eyes On Me,31,Chapter 31
the-female-delinquent-set-her-eyes-on-me,The Female Delinquent Set Her Eyes On Me,32,Chapter 32
the-female-delinquent-set-her-eyes-on-me,The Female Delinquent Set Her Eyes On Me,33,Chapter 33
the-female-delinquent-set-her-eyes-on-me,The Female Delinquent Set Her Eyes On Me,35,Chapter 35
the-female-professors-secret-account,The Female Professor's Secret Account,1,Chapter 1
the-four-of-us-cant-live-together,The Four of Us Can’t Live Together,13,Chapter 13
the-four-of-us-cant-live-together,The Four of Us Can’t Live Together,14,Chapter 14
the-four-of-us-cant-live-together,The Four of Us Can’t Live Together,15,Chapter 15
the-four-of-us-cant-live-together,The Four of Us Can’t Live Together,16,Chapter 16
the-four-of-us-cant-live-together,The Four of Us Can’t Live Together,17,Chapter 17
the-four-of-us-cant-live-together,The Four of Us Can’t Live Together,18,Chapter 18
the-four-of-us-cant-live-together,The Four of Us Can’t Live Together,19,Chapter 19
the-four-of-us-cant-live-together,The Four of Us Can’t Live Together,20,Chapter 20
the-four-of-us-cant-live-together,The Four of Us Can’t Live Together,21,Chapter 21
the-four-of-us-cant-live-together,The Four of Us Can’t Live Together,23,Chapter 23
the-four-of-us-cant-live-together,The Four of Us Can’t Live Together,24,Chapter 24
the-girlfriend-dice,The Girlfriend Dice,1,Chapter 1
the-girlfriend-dice,The Girlfriend Dice,55,Chapter 55
the-girlfriend-dice,The Girlfriend Dice,60,Chapter 60
the-girlfriend-dice,The Girlfriend Dice,60.5,Chapter 60.5
the-homewrecking-handyman,The Homewrecking Handyman,1,Chapter 1
the-law-of-reincarnation,The Law of Reincarnation,70,Chapter 70
the-little-master,The Little Master,14,Chapter 14
the-little-master,The Little Master,81,Chapter 81
the-lost-girl,The Lost Girl,0,Chapter 0
the-main-character-is-the-villain,The Main Character is the Villain,22,Chapter 22
the-main-character-is-the-villain,The Main Character is the Villain,50,Chapter 50
the-main-character-is-the-villain,The Main Character is the Villain,50.2,Chapter 50.2
the-main-character-is-the-villain,The Main Character is the Villain,50.3,Chapter 50.3
the-main-character-is-the-villain,The Main Character is the Villain,50.5,Chapter 50.5
the-main-character-is-the-villain,The Main Character is the Villain,51,Chapter 51
the-plunderers,The Plunderers,17,Chapter 17
the-seed-of-destiny,The Seed of Destiny,30,Chapter 30
the-stand-up-guy-dolphin,The Stand-up Guy (Dolphin),0,Chapter 0
the-teachers-effort,The Teachers’ Effort,9,Chapter 9
the-teachers-effort,The Teachers’ Effort,74,Chapter 74
the-unforeseen-guest,The Unforeseen Guest,67,Chapter 67
the-unforeseen-guest,The Unforeseen Guest,68,Chapter 68
the-unforeseen-guest,The Unforeseen Guest,69,Chapter 69
the-unforeseen-guest,The Unforeseen Guest,71,Chapter 71
the-unforeseen-guest,The Unforeseen Guest,74,Chapter 74
the-unforeseen-guest,The Unforeseen Guest,76,Chapter 76
the-unforeseen-guest,The Unforeseen Guest,80,Chapter 80
the-unforeseen-guest,The Unforeseen Guest,81,Chapter 81
the-virgin-tutor-and-the-wealthy-whore,The Virgin Tutor and the Wealthy Whore,0,Chapter 0
this-doesnt-feel-like-me,This Doesn't Feel Like Me,16,Chapter 16
this-worlds-harem-knight,This World's Harem Knight,0,Chapter 0
three-sisters,Three Sisters,1,Chapter 1
three-sisters,Three Sisters,8,Chapter 8
time-of-conquest,Time of Conquest,37,Chapter 37
to-you-the-guardian-of-my-despair,"To You, The Guardian of My Despair",1,Chapter 1
today-dinner,Today Dinner,90,Chapter 90
tokidoki-bosotto-roshiago-de-dereru-tonari-no-alya-san,Tokidoki Bosotto Roshiago de Dereru Tonari no Alya-san,31,Chapter 31
tolerance,Tolerance,1,Chapter 1
tolerance,Tolerance,2,Chapter 2
tomodachi-onee-san-wa-shigeki-ga-tsuyoi,Tomodachi Onee-san wa Shigeki ga Tsuyoi,1,Chapter 1
tomokano-kaa-chan,TomoKano Kaa-chan,0,Chapter 0
touch-to-unlock,Touch to Unlock,5,Chapter 5
touch-to-unlock,Touch to Unlock,60.5,Chapter 60.5
touch-to-unlock,Touch to Unlock,61,Chapter 61
touch-to-unlock,Touch to Unlock,108,Chapter 108
touch-to-unlock,Touch to Unlock,108.2,Chapter 108.2
touch-to-unlock,Touch to Unlock,108.3,Chapter 108.3
touch-to-unlock,Touch to Unlock,108.4,Chapter 108.4
touch-to-unlock,Touch to Unlock,109,Chapter 109
toxic-burn,Toxic Burn,27,Chapter 27
troublesome-sister,Troublesome Sister,1,Chapter 1
troublesome-sister,Troublesome Sister,27,Chapter 27
troublesome-sister,Troublesome Sister,103.5,Chapter 103.5
true-or-false,True or False?,72,Chapter 72
true-or-false,True or False?,121,Chapter 121
tsumamigui-cherry,Tsumamigui Cherry,5,Chapter 5
tsuyoki-na-kanojo-wa-nonoshiri-nagara-ntr,Tsuyoki na Kanojo wa Nonoshiri Nagara… NTR,2,Chapter 2
twenty,Twenty,43,Chapter 43
twice-the-love,Twice the Love,1,Chapter 1
twice-the-love,Twice the Love,12,Chapter 12
twice-the-love,Twice the Love,24,Chapter 24
twin-slaves,Twin Slaves,113,Chapter 113
understanding-of-flirting,Understanding Of Flirting,12,Chapter 12
uninvinted-alien,Uninvinted Alien,1,Chapter 1
user-guide,User Guide,0,Chapter 0
user-guide,User Guide,1,Chapter 1
user-guide,User Guide,2,Chapter 2
user-guide,User Guide,3,Chapter 3
user-guide,User Guide,4,Chapter 4
user-guide,User Guide,5,Chapter 5
user-guide,User Guide,7,Chapter 7
user-guide,User Guide,8,Chapter 8
user-guide,User Guide,9,Chapter 9
user-guide,User Guide,10,Chapter 10
user-guide,User Guide,11,Chapter 11
user-guide,User Guide,12,Chapter 12
user-guide,User Guide,13,Chapter 13
user-guide,User Guide,14,Chapter 14
user-guide,User Guide,15,Chapter 15
user-guide,User Guide,16,Chapter 16
user-guide,User Guide,18,Chapter 18
user-guide,User Guide,19,Chapter 19
user-guide,User Guide,20,Chapter 20
user-guide,User Guide,21,Chapter 21
user-guide,User Guide,22,Chapter 22
user-guide,User Guide,23,Chapter 23
user-guide,User Guide,24,Chapter 24
user-guide,User Guide,25,Chapter 25
user-guide,User Guide,26,Chapter 26
ushi-gozen-mama-no-choukyou-nikki,Ushi Gozen Mama no Choukyou Nikki,1,Chapter 1
valhalla-otintin-kan,Valhalla Otintin-kan,9.1,Chapter 9.1
valhalla-otintin-kan,Valhalla Otintin-kan,9.2,Chapter 9.2
valhalla-otintin-kan,Valhalla Otintin-kan,9.5,Chapter 9.5
valhalla-otintin-kan,Valhalla Otintin-kan,10.1,Chapter 10.1
valhalla-otintin-kan,Valhalla Otintin-kan,10.2,Chapter 10.2
valhalla-otintin-kan,Valhalla Otintin-kan,11.1,Chapter 11.1
valhalla-otintin-kan,Valhalla Otintin-kan,11.2,Chapter 11.2
valhalla-otintin-kan,Valhalla Otintin-kan,12.1,Chapter 12.1
valhalla-otintin-kan,Valhalla Otintin-kan,12.2,Chapter 12.2
valhalla-otintin-kan,Valhalla Otintin-kan,13.1,Chapter 13.1
valhalla-otintin-kan,Valhalla Otintin-kan,13.2,Chapter 13.2
valhalla-otintin-kan,Valhalla Otintin-kan,14.1,Chapter 14.1
valhalla-otintin-kan,Valhalla Otintin-kan,14.2,Chapter 14.2
valhalla-otintin-kan,Valhalla Otintin-kan,15.1,Chapter 15.1
valhalla-otintin-kan,Valhalla Otintin-kan,15.2,Chapter 15.2
valhalla-otintin-kan,Valhalla Otintin-kan,17.5,Chapter 17.5
valhalla-otintin-kan,Valhalla Otintin-kan,18,Chapter 18
vikala-chan-to-ichaicha-suru-hon-4-satsume,Vikala-chan to Ichaicha Suru Hon 4 Satsume,1,Chapter 1
waruiko-mika-wa-oshiokisaretai,Waruiko Mika wa Oshiokisaretai,1,Chapter 1
watashi-no-kareshi-no-okasan-wa-yumenonakade-sore-o-te-ni-iremashita,Watashi no kareshi no okāsan wa yumenonakade sore o te ni iremashita,2,Chapter 2
watashi-wa-villain-creati,Watashi wa Villain Creati,0,Chapter 0
what-would-happen-if-you-said,What would happen if you said,1,Chapter 1
when-did-we-start-dating,When Did We Start Dating?!,28,Chapter 28
when-did-we-start-dating,When Did We Start Dating?!,43,Chapter 43
when-did-we-start-dating,When Did We Start Dating?!,44,Chapter 44
wicked-diary,Wicked Diary,34,Chapter 34
wicked-diary,Wicked Diary,36,Chapter 36
wicked-diary,Wicked Diary,45,Chapter 45
wicked-diary,Wicked Diary,46,Chapter 46
wicked-diary,Wicked Diary,47,Chapter 47
wife-for-1000-days,Wife for 1000 Days,47,Chapter 47
wife-for-1000-days,Wife for 1000 Days,48,Chapter 48
wife-for-1000-days,Wife for 1000 Days,49,Chapter 49
wife-for-1000-days,Wife for 1000 Days,51,Chapter 51
wife-for-1000-days,Wife for 1000 Days,52,Chapter 52
wife-for-1000-days,Wife for 1000 Days,53,Chapter 53
wife-for-1000-days,Wife for 1000 Days,55,Chapter 55
wild-eyes,Wild Eyes,13,Chapter 13
wild-eyes,Wild Eyes,17,Chapter 17
wild-eyes,Wild Eyes,19,Chapter 19
wild-eyes,Wild Eyes,20,Chapter 20
wild-eyes,Wild Eyes,21,Chapter 21
wild-eyes,Wild Eyes,22,Chapter 22
wild-eyes,Wild Eyes,24,Chapter 24
wireless-onahole,Wireless Onahole,91,Chapter 91
wonderful-new-world,Wonderful New World,121,Chapter 121
wonderful-new-world,Wonderful New World,122,Chapter 122
wonderful-new-world,Wonderful New World,124,Chapter 124
wonderful-new-world,Wonderful New World,125,Chapter 125
wonderful-new-world,Wonderful New World,126,Chapter 126
wonderful-new-world,Wonderful New World,127,Chapter 127
wonderful-new-world,Wonderful New World,128,Chapter 128
wonderful-new-world,Wonderful New World,131,Chapter 131
wonderful-new-world,Wonderful New World,132,Chapter 132
wonderful-new-world,Wonderful New World,133,Chapter 133
wonderful-new-world,Wonderful New World,135,Chapter 135
wonderful-new-world,Wonderful New World,136,Chapter 136
wonderful-new-world,Wonderful New World,137,Chapter 137
wonderful-new-world,Wonderful New World,138,Chapter 138
wonderful-new-world,Wonderful New World,139,Chapter 139
wonderful-new-world,Wonderful New World,141,Chapter 141
wonderful-new-world,Wonderful New World,142,Chapter 142
wonderful-new-world,Wonderful New World,143,Chapter 143
wonderful-new-world,Wonderful New World,145,Chapter 145
wonderful-new-world,Wonderful New World,146,Chapter 146
wonderful-new-world,Wonderful New World,147,Chapter 147
wonderful-new-world,Wonderful New World,149,Chapter 149
wonderful-new-world,Wonderful New World,151,Chapter 151
wonderful-new-world,Wonderful New World,152,Chapter 152
wonderful-new-world,Wonderful New World,153,Chapter 153
wonderful-new-world,Wonderful New World,154,Chapter 154
wonderful-new-world,Wonderful New World,155,Chapter 155
wonderful-new-world,Wonderful New World,159,Chapter 159
wonderful-new-world,Wonderful New World,160,Chapter 160
wonderful-new-world,Wonderful New World,161,Chapter 161
wonderful-new-world,Wonderful New World,163,Chapter 163
wonderful-new-world,Wonderful New World,164,Chapter 164
wonderful-new-world,Wonderful New World,165,Chapter 165
wonderful-new-world,Wonderful New World,167,Chapter 167
wonderful-new-world,Wonderful New World,168,Chapter 168
wonderful-new-world,Wonderful New World,169,Chapter 169
wonderful-new-world,Wonderful New World,170,Chapter 170
wonderful-new-world,Wonderful New World,171,Chapter 171
wonderful-new-world,Wonderful New World,172,Chapter 172
wonderful-new-world,Wonderful New World,174,Chapter 174
wonderful-new-world,Wonderful New World,175,Chapter 175
wonderful-new-world,Wonderful New World,176,Chapter 176
wonderful-new-world,Wonderful New World,177,Chapter 177
wonderful-new-world,Wonderful New World,178,Chapter 178
wonderful-new-world,Wonderful New World,179,Chapter 179
wonderful-new-world,Wonderful New World,180,Chapter 180
wonderful-new-world,Wonderful New World,181,Chapter 181
wonderful-new-world,Wonderful New World,182,Chapter 182
wonderful-new-world,Wonderful New World,183,Chapter 183
wonderful-new-world,Wonderful New World,184,Chapter 184
wonderful-new-world,Wonderful New World,188,Chapter 188
wonderful-new-world,Wonderful New World,189,Chapter 189
wonderful-new-world,Wonderful New World,190,Chapter 190
wonderful-new-world,Wonderful New World,192,Chapter 192
wonderful-new-world,Wonderful New World,193,Chapter 193
wonderful-new-world,Wonderful New World,194,Chapter 194
wonderful-new-world,Wonderful New World,196,Chapter 196
wonderful-new-world,Wonderful New World,197,Chapter 197
wonderful-new-world,Wonderful New World,198,Chapter 198
wonderful-new-world,Wonderful New World,199,Chapter 199
wonderful-new-world,Wonderful New World,200,Chapter 200
wonderful-new-world,Wonderful New World,201,Chapter 201
wonderful-new-world,Wonderful New World,202,Chapter 202
wonderful-new-world,Wonderful New World,203,Chapter 203
wonderful-new-world,Wonderful New World,204,Chapter 204
wonderful-new-world,Wonderful New World,205,Chapter 205
wonderful-new-world,Wonderful New World,206,Chapter 206
wonderful-new-world,Wonderful New World,207,Chapter 207
wonderful-new-world,Wonderful New World,208,Chapter 208
wonderful-new-world,Wonderful New World,209,Chapter 209
wonderful-new-world,Wonderful New World,210,Chapter 210
wonderful-new-world,Wonderful New World,211,Chapter 211
wonderful-new-world,Wonderful New World,212,Chapter 212
wonderful-new-world,Wonderful New World,213,Chapter 213
wonderful-new-world,Wonderful New World,215,Chapter 215
wonderful-new-world,Wonderful New World,216,Chapter 216
wonderful-new-world,Wonderful New World,217,Chapter 217
wonderful-new-world,Wonderful New World,220,Chapter 220
wonderful-new-world,Wonderful New World,255,Chapter 255
wonderful-new-world,Wonderful New World,259,Chapter 259
wonderful-new-world,Wonderful New World,261,Chapter 261
wreck-my-bias,Wreck My Bias,1,Chapter 1
wreck-my-bias,Wreck My Bias,2,Chapter 2
wreck-my-bias,Wreck My Bias,3,Chapter 3
wreck-my-bias,Wreck My Bias,5,Chapter 5
yobae-inko-chan-nightcrawler-inko-chan,Yobae! Inko-chan Nightcrawler! Inko-chan,2,Chapter 2
yogurt-delivery-lady,Yogurt Delivery Lady,15,Chapter 15
yogurt-delivery-lady,Yogurt Delivery Lady,90,Chapter 90
yonshimai-wa-yoru-wo-omachikane,Yonshimai wa Yoru wo Omachikane,13,Chapter 13
yonshimai-wa-yoru-wo-omachikane,Yonshimai wa Yoru wo Omachikane,16,Chapter 16
yoru-no-hoshuu-jugyou,Yoru no Hoshuu Jugyou,1,Chapter 1
your-freaky-bucket-list,Your Freaky Bucket List,1,
your-freaky-bucket-list,Your Freaky Bucket List,2,
your-freaky-bucket-list,Your Freaky Bucket List,3,
your-freaky-bucket-list,Your Freaky Bucket List,4,
your-freaky-bucket-list,Your Freaky Bucket List,5,
your-freaky-bucket-list,Your Freaky Bucket List,6,
your-freaky-bucket-list,Your Freaky Bucket List,7,
your-freaky-bucket-list,Your Freaky Bucket List,8,
your-freaky-bucket-list,Your Freaky Bucket List,9,
your-situation,Your Situation,2,Chapter 2
your-situation,Your Situation,3,Chapter 3
your-situation,Your Situation,4,Chapter 4
your-situation,Your Situation,5,Chapter 5
your-situation,Your Situation,17,Chapter 17
youre-not-that-special,You’re Not That Special!,8,Chapter 8
yumeochi-dreaming-of-falling-for-you,Yumeochi: Dreaming of Falling For You,14,Chapter 14
yumeochi-dreaming-of-falling-for-you,Yumeochi: Dreaming of Falling For You,18,Chapter 18
yuri-no-hana,Yuri no Hana,2,Chapter 2
yuusha-ni-zenbu-ubawareta-ore-wa-yuusha-no-hahaoya-to-party-wo-kumimashita,Yuusha Ni Zenbu Ubawareta Ore Wa Yuusha No Hahaoya To Party Wo Kumimashita!,4,Chapter 4
yuusha-ni-zenbu-ubawareta-ore-wa-yuusha-no-hahaoya-to-party-wo-kumimashita,Yuusha Ni Zenbu Ubawareta Ore Wa Yuusha No Hahaoya To Party Wo Kumimashita!,7,Chapter 7
yuusha-ni-zenbu-ubawareta-ore-wa-yuusha-no-hahaoya-to-party-wo-kumimashita,Yuusha Ni Zenbu Ubawareta Ore Wa Yuusha No Hahaoya To Party Wo Kumimashita!,11,Chapter 11
yuuwaku-office,Yuuwaku Office,6,Chapter 6
zoku-omochikaeri-shite-ageru-kara,Zoku Omochikaeri Shite Ageru kara,0,Chapter 0
zzin-protect-bahasa-indonesia,ZZIN Protect Bahasa Indonesia,41,Chapter 41
